NodeType,ToolDescription,ToolID,ToolURL
[Tool],Microsoft-Windows-ActiveDirectory_DomainService is a tool used in the Directory Service event log to enable CBT events 3074 & 3075.,tool_fb149e1a-178a-65c7-f5f8-5ff65cc44e47_1,
[Tool],Action1 report pinpointing software that has either been identified to have the WebP vulnerability or that the vendor has released a patch for.,tool_65ecee37-ea07-61fa-5e32-7b84ccb2822a_1,Not specified
[Tool],Copilot in Windows is a new tool that is being released in preview to select global markets as part of the latest update to Windows 11. It allows for control of optional updates.,tool_d2444d1b-ec7f-4552-234f-b1243c06a84c_1,https://nitter.net/WindowsUpdate/status/1706718303614648603#m
[Tool],"A blog post from the Windows IT Pro Blog that provides insights and guidance on how to enhance security, accessibility, and management for enterprises using Windows 11.",tool_b978c462-af6d-d656-92fc-fa911cbf74d8_1,https://techcommunity.microsoft.com/t5/windows-it-pro-blog/enhancing-windows-11-security-accessibility-and-management-for/ba-p/3938404
[Tool],,tool_c3386492-fca1-2f06-a6ae-1faef66f85d6_1,
[Tool],,tool_68a6e2dd-ab1f-0e49-a7e5-16010f7ecbd4_1,
[Tool],,tool_9c5165de-0ea9-77a2-3b98-539b26a986e6_1,
[Tool],,tool_ede057a0-dd10-feb8-c5e1-d391dcea99db_1,
[Tool],,tool_4e25f090-e8b1-ea18-8a63-b0d30ebe8b03_1,
[Tool],,tool_4e25f090-e8b1-ea18-8a63-b0d30ebe8b03_2,
[Tool],,tool_6bec89c1-794c-f064-2062-c20b3bdaa678_1,
[Tool],,tool_6bec89c1-794c-f064-2062-c20b3bdaa678_2,
[Tool],,tool_4af4c8b5-de7e-797a-c39f-f1af5737bbc7_1,
[Tool],The toggle in the Settings of Windows 11 that allows the user to receive the latest updates as they are available.,tool_cfc150ea-3597-fb42-1288-857faa2844b8_1,https://blogs.windows.com/windows-insider/2023/09/22/rolling-out-new-features-for-windows-11-22h2-to-the-release-preview-channel/
[Tool],Registry Editor can be used to disable the HTTP/2 protocol on your web server.,tool_678adb44-cbe2-bb2b-72de-3f224bcfeb93_1,
[Tool],A Windows backup app that is installed with KB5029331. Microsoft has stated that it cannot be removed.,tool_d808b32c-1dc9-33bd-4b8c-6d36f40443c3_1,https://www.msn.com/en-us/news/technology/microsoft-says-it-won-t-let-users-remove-this-divisive-windows-11-app
[Tool],A tool to remove the Azure Arc Setup feature installed on Windows Server 2022. It is recommended to be used during out of office hours.,tool_c3ca8e34-d77f-5e5f-53c3-a104a6eacea0_1,https://oofhours.com/2023/10/13/remove-the-azure-arc-setup-feature-installed-on-windows-server-2022/
[Tool],Auto approval rule in SCCM,tool_ab86530f-8cea-55ce-bf7f-9f02914aa60f_1,Not specified
[Tool],Stand-alone WSUS,tool_ab86530f-8cea-55ce-bf7f-9f02914aa60f_2,Not specified
[Tool],Microsoft-Windows-ActiveDirectory_DomainService in the Directory Service event log is a tool that can be used to enable CBT events 3074 & 3075.,tool_d3551f98-9d2c-c9be-77ad-4aa62508ac8b_1,
[Tool],A tool provided by Microsoft that lists the features that are behind temporary control. These features are off by default when shipped in the quality update to the current version for commercial update managed devices. The tool also includes features that are under permanent control.,tool_290baef1-ea84-6105-e661-61ca23f64090_1,https://learn.microsoft.com/en-us/windows/whats-new/temporary-enterprise-feature-control#windows-11-features-with-permanent-enterprise-feature-control
[Tool],Ivanti Security Controls/Shavlik is used for patching over 275 servers.,tool_c160528e-e240-ec11-3856-747e725005ee_1,Not specified
[Tool],Modern Windows LAPS is recommended as a tool for managing local administrator passwords.,tool_ab4f035d-3168-b804-c44d-b1215745e18f_1,https://techcommunity.microsoft.com/t5/windows-it-pro-blog/by-popular-demand-windows-laps-available-now/bc-p/3959567/highlight/true#M6454
[Tool],A tool to identify apps impacted by the CVE-2023-4863 vulnerability in libwebp.,tool_2e1f433a-1298-434c-0d21-ff6ebae03a63_1,https://infosec.town/notes/9k8b0ek5ide4xyrp
[Tool],Copilot is a new tool released in the optional updates. It is designed to assist with system management and administration.,tool_fc6b9de7-c3bf-eb66-d36d-3df9b23bf2bb_1,https://www.askwoody.com/wp-content/uploads/2023/09/WindowsCopilot.admx
[Tool],SCCM is used for patch management. It is mentioned that the actual patch deployment is easy and is done via a monthly deployment. Maintenance windows are assigned to servers for when they will patch. Desktops are also patched via SCCM.,tool_0b5ee655-92b7-344a-f313-698ea5c8b383_1,Not specified
[Tool],"REG.exe is a command-line utility for working with the Windows Registry. It can be used to add, delete, and manipulate registry keys and values.",tool_ebacaeb1-b020-0524-f2ca-46a3096649db_1,https://docs.microsoft.com/en-us/windows-server/administration/windows-commands/reg
[Tool],The Microsoft Tech Community is a valuable tool for finding solutions and explanations for issues related to Microsoft products and patches.,tool_74b68ba3-c06f-0f9c-3e50-befdc2dd1e86_1,https://techcommunity.microsoft.com/t5/azure-stack/starting-vms-may-fail-after-installation-of-10-2023-cu-when/m-p/3956844
[Tool],Chrome Enterprise is suggested as a tool to push out a GUID to each computer and centrally manage Chrome updates. It is also mentioned that a portable version of Chrome can be used for systems not running an AppLocker variant.,tool_b6f80518-60af-1aec-a440-c6cfd1fe22f2_1,
[Tool],A solution to silence and remove the Azure Arc Setup feature from Windows Server 2022.,tool_1d775e47-bd57-4e4c-c9b5-8d35b7664388_1,https://blog.workinghardinit.work/2023/10/12/what-is-azurearcsystray-exe-doing-on-my-windows-server/
[Tool],Veeam is used for managing the virtualized environment.,tool_329b0cc9-6550-f925-60ad-4fb8e4924eec_1,https://forums.veeam.com/microsoft-hyper-v-f25/windows-server-2019-hyper-v-vm-i-o-performance-problem-t62112-360.html#p500560
[Tool],"Action1 is a patch management solution that can be set to look for updates daily. It can be configured to either ask for approval or automatically run the update. It also includes a vulnerability scanner that alerts the user to any CVE alerts for software on the computer, with suggestions for fixes.",tool_39008ab6-a9f1-897c-8a07-9f6fa2b05d11_1,Not specified
[Tool],"A script that runs on a schedule every night and checks for a new version of libwebp. If a new version is available, it downloads it, packages it up, and deploys it.",tool_e1dcc95e-4511-31bf-dc37-63992beca75e_1,
[Tool],A link providing a list of apps affected by the 0 day vulnerability in libwebp.,tool_162215a5-1240-e30c-b5f1-eca58743184a_1,https://www.cyberkendra.com/2023/09/webp-0day-google-assign-new-cve-for.html?m=1
[Tool],A guide on how to manage deployment for the new Teams client using policies.,tool_be53b11e-3ac4-6bcb-ecd3-ddcbecc4553b_1,https://learn.microsoft.com/en-us/microsoftteams/new-teams-deploy-using-policies?tabs=teams-admin-center#set-the-policies-to-upgrade-to-the-new-teams-client
[Tool],Announcement regarding the end of the installation path for free Windows 7 and 8 upgrades to Windows 10.,tool_a2c2ba61-2198-c686-61ff-f8f397b2df25_1,https://devicepartner.microsoft.com/en-us/communications/comm-windows-ends-installation-path-for-free-windows-7-8-upgrade
[Tool],"Registry Editor (Regedit) is a tool used to view and make changes to the system registry. In this case, it is used to add a registry key to prevent the Windows 11 upgrade.",tool_022a987e-f54d-657a-308f-2f512b5cefdf_1,
[Tool],WSUS package for upgrading to Windows 10 22H2. The exact title of the package is not provided in the email.,tool_df269915-377a-c700-4c24-5f68a3804a91_1,
[Tool],AuthLite 2.4.14 or newer is a tool used for MFA on a Server 2022 DC.,tool_139df8a9-4477-506f-39f5-103fb6f8b9e9_1,Not provided
[Tool],Adobe Security website provides the latest security updates for Adobe products.,tool_9d45f6c6-782e-5ffb-cc14-673d5223e609_1,https://helpx.adobe.com/security.html
[Tool],"GRC's InSpectre is an easy to use, easy to understand tool for examining Windows systems for the presence of the Meltdown and Spectre vulnerabilities.",tool_0f3a88fd-8bcb-59b9-c778-39c4924371cc_1,https://www.grc.com/incontrol.htm
[Tool],McAfee Antivirus was used as a tool on the client's machine but was identified as the cause of the issue. It was removed to resolve the problem.,tool_121df3d4-e2cb-1dab-b2a9-a843e621b5c7_1,Not specified
[Tool],Slipstream method for images that has been working flawlessly to slip drivers in.,tool_277b7119-f59c-80b2-f36b-3065c783d191_1,Not specified
[Tool],VMware's security advisories for Local Privilege Escalation and SAML Token Signature Bypass,tool_e1cca042-9ce7-0ac1-27ba-8720b48b1546_1,https://www.vmware.com/security/advisories/VMSA-2023-0024.html
[Tool],VMware's security advisories for SAML Token Signature Bypass Vulnerability,tool_e1cca042-9ce7-0ac1-27ba-8720b48b1546_2,https://www.vmware.com/security/advisories/VMSA-2023-0019.html
[Tool],Microsoft support page listing exit codes for the .exe of the Windows Malicious Software Removal Tool.,tool_133144a9-0c8f-503a-c4ed-30795bb97a86_1,https://support.microsoft.com/en-gb/topic/deploy-windows-malicious-software-removal-tool-in-an-enterprise-environment-kb891716-a10cc756-2b3b-32e3-9ee3-2c1298ea3538
[Tool],The Windows Defender Application Control (WDAC) can be used to deny execution of the \system32\curl.exe executable as a workaround.,tool_7001567b-77d3-824e-62c4-9c022f0f7278_1,https://docs.microsoft.com/en-us/windows/security/threat-protection/windows-defender-application-control/deploy-windows-defender-application-control-policies-using-intune
[Tool],A Reddit post discussing an issue with distribution points after an upgrade from 2207 to 2211 in SCCM.,tool_455213ac-918e-ecd8-5e1b-89db3d125bc6_1,https://www.reddit.com/r/SCCM/comments/10lj586/upgraded_from_2207_to_2211_my_distro_points_arent/?rdt=38606
[Tool],Windows 11 23H2 Enablement Package for x64 systems,tool_b1e58fe1-e507-42ad-f638-93d33d738bdf_1,https://catalog.sf.dl.delivery.mp.microsoft.com/filestreamingservice/files/caa3ff4a-6420-4341-aeae-33b2d7f463be/public/windows11.0-kb5027397-x64_3a9c368e239bb928c32a790cf1663338d2cad472.msu
[Tool],Windows 11 23H2 Enablement Package for ARM64 systems,tool_b1e58fe1-e507-42ad-f638-93d33d738bdf_2,https://catalog.sf.dl.delivery.mp.microsoft.com/filestreamingservice/files/c29dd4ea-7f6a-4636-a991-29ba8ae70658/public/windows11.0-kb5027397-arm64_bacb74fba9077a5b7ae2f74a3ebb0b506f9708f3.msu
[Tool],cmtrace is a tool that can be used to view and analyze log files. It is particularly useful for managing updates and identifying potential fixes.,tool_14baa765-2e46-4fa2-4b8e-f4d1d5edbc1a_1,
[Tool],"Windows 11 23H2 Enablement Package for fast, easy installation process.",tool_0f3b45d4-b3a4-0cc0-24bb-1a3332c93c89_1,https://techcommunity.microsoft.com/t5/windows-it-pro-blog/what-s-new-for-it-pros-in-windows-11-version-23h2/ba-p/3967814
[Tool],PatchaPalooza is a tool for streamlined vulnerability management. It uses Microsoft's MSRC CVRF API and is designed for cybersecurity professionals. The tool provides an intuitive interface that delivers essential insights without overwhelming users with tech jargon.,tool_d1752fa0-f7bf-7a1f-6448-69b02d4bdf5c_1,https://patchapalooza.com/
[Tool],Extended Security Updates (ESU),tool_f64ec20d-6790-fbb9-daee-2097c72cccea_1,https://learn.microsoft.com/en-us/windows-server/get-started/extended-security-updates-overview
[Tool],Azure Arc for Servers,tool_f64ec20d-6790-fbb9-daee-2097c72cccea_2,https://learn.microsoft.com/en-us/azure/azure-arc/servers/deliver-extended-security-updates
[Tool],A blog post discussing the 20th anniversary of Patch Tuesday and inviting thoughts on the future of Microsoft's patching strategy.,tool_867b1857-61fa-3755-af0f-618e2d1de345_1,https://www.directionsonmicrosoft.com/blog/thoughts-on-patching-on-the-20th-anniversary-of-patch-tuesday/?utm_medium=email&utm_source=sharpspring&sslid=szAwsbSwtDAyNzA3AQA&sseid=MzK1NLewMAIiAA&jobid=1bdb4d2f-4eb6-4f88-a9bb-ead41cbfdabd
[Tool],WU logs and PowerShell code are used to extract download links of Appx applications. This is a useful tool for patch management as it provides an alternative to potentially untrustworthy sources.,tool_0d1aadf5-7bf4-5a27-bf53-3de6c9fee90b_1,
[Tool],"httpX://store.rg-adguard.net/ is a tool commonly used to download Appx applications. However, the author expresses distrust due to its association with 2 .ru websites.",tool_0d1aadf5-7bf4-5a27-bf53-3de6c9fee90b_2,
[Tool],The Zero Day Initiative provides a patch to address the unpatched SSRF in Exchange OWA. This patch prevents the SSRF from being triggered and the system from being exploited.,tool_76fcd96d-3e81-34e0-5ae6-15c963320e68_1,https://www.zerodayinitiative.com/blog/2023/11/1/unpatched-powerful-ssrf-in-exchange-owa-getting-response-through-attachments
[Tool],Dev Home - a productivity companion for developers on Windows.,tool_31320d43-ccb5-98bf-3a20-27808fdc3d12_1,https://blogs.windows.com/windowsexperience/2023/10/31/how-to-get-the-windows-11-2023-update/
[Tool],The new Outlook on Windows - available for free on any Windows device.,tool_31320d43-ccb5-98bf-3a20-27808fdc3d12_2,https://blogs.windows.com/windowsexperience/2023/09/26/the-most-personal-windows-11-experience-begins-rolling-out-today/
[Tool],Continuous innovation in Windows 10. This tool provides support and further information.,tool_d20dc2cd-6dff-f510-77c2-c0534d8eb68f_1,https://can01.safelinks.protection.outlook.com/?url=https%3A%2F%2Fsupport.microsoft.com%2Fhelp%2F5033520&data=05%7C01%7Cemail_ingestion%40bighatgroup.com%7C6b245190411b41c1729508dbe769c539%7C5a01497e1bcb4711b6e6d24f4ab00393%7C0%7C0%7C638358213686125239%7CUnknown%7CTWFpbGZsb3d8eyJWIjoiMC4wLjAwMDAiLCJQIjoiV2luMzIiLCJBTiI6Ik1haWwiLCJXVCI6Mn0%3D%7C3000%7C%7C%7C&sdata=nZAhkMksJUESCzQoCqt90gcfcL4s9z2X%2BeKGsbzTS64%3D&reserved=0
[Tool],A feature update for Windows 10 that allows it to join in the fun of Copilot.,tool_251a414e-693e-37db-a20b-2f983a4afa5a_1,https://support.microsoft.com/en-us/topic/how-we-are-maximizing-value-in-windows-10-7dca25fa-be2f-492d-b99c-bf3342be7037
[Tool],Windows 10 22H2 Preview Update KB5031445 installs Remote Desktop Connection as a feature.,tool_82d0ed30-ff03-7793-111c-63aae18f6887_1,https://borncity.com/win/2023/11/04/windows-10-22h2-preview-update-kb5031445-installs-remote-desktop-connection-as-feature/
[Tool],OSDUpdate is a tool used to pull down all of the applicable updates and repackage Office 2016 for new or re-imaged devices.,tool_d191e3f6-4d6d-e3d3-5337-1d2fd947be28_1,https://osdupdate.osdeploy.com/docs/archive/office-deployment-and-osdupdate
[Tool],PowerShell is used to pull down all of the applicable updates and repackage Office 2016 for new or re-imaged devices.,tool_d191e3f6-4d6d-e3d3-5337-1d2fd947be28_2,https://www.powershellgallery.com/packages/OSDUpdate/21.12.14.1
[Tool],Acrobat.exe and AcroRd32.exe are the tools used to detect the installation of Acrobat and Acrobat Reader respectively.,tool_8f31f1e6-761d-268c-467f-25a14f3a603b_1,Not specified
[Tool],Download link for Office 2016 x64 updates,tool_cdb88a68-d0b9-9236-344f-2b750cfc3bad_1,https://github.com/abbodi1406/WHD/raw/master/files/Office2016-x64.txt
[Tool],Download link for Office 2016 x86 updates,tool_cdb88a68-d0b9-9236-344f-2b750cfc3bad_2,https://github.com/abbodi1406/WHD/raw/master/files/Office2016-x86.txt
[Tool],WU-SecurityUpdates-20231114.txt containing links for security updates,tool_cdb88a68-d0b9-9236-344f-2b750cfc3bad_3,Not provided
[Tool],Microsoft Learn page providing information about the end of the servicing plan for third-party printer drivers on Windows.,tool_0f7fd0b6-f6bc-d49b-4c3a-0b34341c709a_1,https://learn.microsoft.com/en-us/windows-hardware/drivers/print/end-of-servicing-plan-for-third-party-printer-drivers-on-windows
[Tool],"A project that allows sniffing of Bitlocker keys, reinforcing the idea that without physical security, there is no computer security.",tool_ed9a4738-5301-5ca1-e089-012bd60d7b07_1,https://github.com/SySS-Research/icestick-lpc-tpm-sniffer
[Tool],An article on TPM sniffing,tool_ed9a4738-5301-5ca1-e089-012bd60d7b07_2,https://pulsesecurity.co.nz/articles/TPM-sniffing
[Tool],Microsoft's official update guide provides information on the vulnerability CVE-2023-36761 and the necessary mitigations.,tool_fcb48cc1-cc78-12f7-f622-7c964b2a6d6f_1,https://msrc.microsoft.com/update-guide/en-US/vulnerability/CVE-2023-36761
[Tool],"The provided link discusses the offensive use of NetNTLMv2 hash stealing using Outlook, highlighting the potential dangers of the vulnerability CVE-2023-36761.",tool_fcb48cc1-cc78-12f7-f622-7c964b2a6d6f_2,https://www.ired.team/offensive-security/initial-access/netntlmv2-hash-stealing-using-outlook
[Tool],Security Update Guide is a tool that can be used to review CVE information. It is recommended to filter on Exchange Server under Product Family to review CVE information.,tool_9884c2c6-b274-a0b2-ef6a-d477dbf7eb2c_1,https://msrc.microsoft.com/update-guide/
[Tool],Exchange Health Checker is a tool that can be used to ensure that no additional steps are needed in your environment after installing the August 2023 SU.,tool_9884c2c6-b274-a0b2-ef6a-d477dbf7eb2c_2,https://aka.ms/ExchangeHealthChecker
[Tool],Ivanti is a patch management tool that can create and clean up VM snapshots in addition to patching various apps. It can be used with or without an agent and is compatible with Windows only. The tool is used to patch around 500 Windows boxes.,tool_f65a1226-e3ca-8e3c-131c-737876aba2e8_1,
[Tool],"Microsoft's recommendations for Bitlocker countermeasures, including longer physical access and protecting DMA ports.",tool_8db48804-566a-1232-88a4-6575814ebac9_1,https://learn.microsoft.com/en-us/windows/security/operating-system-security/data-protection/bitlocker/bitlocker-countermeasures#attacker-countermeasures
[Tool],Microsoft's recommendation for protecting Thunderbolt and other DMA ports as a Bitlocker countermeasure.,tool_8db48804-566a-1232-88a4-6575814ebac9_2,https://learn.microsoft.com/en-us/windows/security/operating-system-security/data-protection/bitlocker/bitlocker-countermeasures#protecting-thunderbolt-and-other-dma-ports
[Tool],Action1 Vulnerability Digest: A tool that provides a comprehensive update on the latest vulnerabilities and patches.,tool_76b4ed90-0cb3-2c89-cc27-814009a0f15b_1,https://www.action1.com/patch-tuesday-september-2023/?vmp
[Tool],Microsoft Excel now supports integration with Python. This tool can run in the cloud.,tool_846ca3c3-be72-af1a-2728-d7e1729072e9_1,https://www.theverge.com/2023/8/22/23841167/microsoft-excel-python-integration-support
[Tool],"Intune console is used to deregister systems from Autopilot. This process removes the device from Intune, removes the Azure AD object, and deregisters it from Autopilot.",tool_3b587cd9-8204-53c7-bb67-50dab4439666_1,https://docs.microsoft.com/mem/autopilot/autopilot-mbr#deregister-from-intune
[Tool],The post provides a link to a discussion about a patent lawsuit between Ivanti and Patch My PC. The link leads to a blog post on the Patch My PC website.,tool_b4dd8160-f65e-1a23-6dcf-3bbb426072c2_1,https://patchmypc.com/ivanti-vs-patch-my-pc-patent-lawsuit
[Tool],"A document for a solid patch configuration using SCCM for patching. It includes recommendations for the ADR, maintenance window, collection, and deployment configurations.",tool_448700d7-1faa-e8e1-d5cf-9482db1e4f90_1,https://docs.google.com/document/d/1W3fIzJMUA8qrGnXNAGahKRc9FxsQh4dM5q4OcsVK5UA
[Tool],PDQ is a recommended patch management tool. It is compatible with Windows only.,tool_d838af03-b15a-6b0e-407c-c56061cfad74_1,
[Tool],"A tool for managing the Edge browser for business. It allows customization of the browser's appearance, such as changing the default 'brown briefcase' icon.",tool_3df440dc-ac18-67c5-ae38-6267a86c2141_1,https://www.askwoody.com/forums/topic/edge-for-business/
[Tool],"Make is a visual platform with a no-code toolkit. It allows users to build with drag-and-drop modules in real time. The tool's features include filters, routers, and more. It is a platform for agility, innovation, and competitiveness.",tool_bd4e27fb-dc52-aec3-a78f-29e96ddaadc6_1,Not specified
[Tool],Microsoft Edge browser and Microsoft Teams are the tools affected by this vulnerability. Updating these tools to the latest version mitigates the vulnerability.,tool_e211f004-ebbb-872b-c3c9-9074c77cc467_1,https://teams.microsoft.com/download
[Tool],"admx.help website, a resource for searching policy details and relevant registry entries. It is suggested for managing Windows 11 notifications.",tool_4088be6d-cf7c-3854-634f-cd2c96122f30_1,https://admx.help/?Category=Windows_10_2016&Policy=Microsoft.Policies.OneDrive::PreventOnedriveFileSync
[Tool],MSRC Microsoft - Update Guide Vulnerability,tool_08fd5aa9-07ad-38ae-94b7-ed0f45c2fee7_1,https://msrc.microsoft.com/update-guide/vulnerability
[Tool],Zero Day Initiative,tool_08fd5aa9-07ad-38ae-94b7-ed0f45c2fee7_2,https://www.zerodayinitiative.com/blog/2023/9/12/the-september-2023-security-update-review
[Tool],Bleeping Computer,tool_08fd5aa9-07ad-38ae-94b7-ed0f45c2fee7_3,https://www.bleepingcomputer.com/news/microsoft/windows-11-kb5030219-cumulative-update-released-with-24-fixes-changes/
[Tool],Automox is a recommended tool for patch management.,tool_760713d7-4e10-ed7e-6be0-6edf8da6c464_1,https://www.automox.com/
[Tool],A guide that explains the different editions of Windows 11 and helps you choose the best one for your needs.,tool_ca70ccc9-671f-9941-8340-30bd5ef1182b_1,https://www.itechguides.com/windows-11-editions-explained-which-is-the-best-for-you/
[Tool],Registry Editor can be used to modify the registry entries for Python in Excel.,tool_e4c5c7e0-d3d0-ac02-df42-b390d62fec75_1,Not specified
[Tool],A thorough analysis of BitLocker CVE-2022-41099 by a security expert.,tool_c30ea846-0caa-3168-bdd6-b973c31d2be8_1,https://itm4n.github.io/cve-2022-41099-analysis-bitlocker-drive-encryption-bypass/
[Tool],Patch My PC is a recommended tool for third party updates if you're using SCCM or Intune.,tool_55f629f2-dd25-6a5c-e8e8-b5fd371e5712_1,
[Tool],A local policy in administrative templates can be used to turn off notifications.,tool_a58db256-65c0-f6d9-2b1c-55f8c2bbd91f_1,
[Tool],A guide on how to prevent OneDrive from saving. It includes steps to access the Local Group Policy Editor and make the necessary changes.,tool_b4f0caba-3e5e-848d-1aed-acdcb4a5e780_1,"https://www.makeuseof.com/windows-prevent-save-onedrive/#:~:text=In%20the%20Local%20Group%20Policy,Hit%20Apply%20followed%20by%20OK."
[Tool],An audit for Windows 10 Enterprise Level 1. This tool can be used to assess the security of a Windows 10 Enterprise system.,tool_b4f0caba-3e5e-848d-1aed-acdcb4a5e780_2,https://www.tenable.com/audits/items/CIS_MS_Windows_10_Enterprise_Level_1_v1.8.1.audit:b3f2cda2c2655ca6b6ee86edb5a83b7c
[Tool],A guide on how to disable OneDrive. It provides step-by-step instructions for different versions of Windows.,tool_b4f0caba-3e5e-848d-1aed-acdcb4a5e780_3,https://www.minitool.com/backup-tips/how-to-disable-onedrive.html
[Tool],"Microsoft's release health page provides information on the release schedule for Windows, .NET, SQL, and Exchange updates.",tool_5f4ba839-7dba-a10b-217f-33aefb3acd8b_1,https://learn.microsoft.com/en-us/windows/release-health/
[Tool],Microsoft's Office updates page provides information on the release schedule for Office updates.,tool_5f4ba839-7dba-a10b-217f-33aefb3acd8b_2,https://learn.microsoft.com/en-us/officeupdates/microsoft365-apps-security-updates
[Tool],Microsoft's Exchange team blog is the go-to site for Exchange patches and updates.,tool_5f4ba839-7dba-a10b-217f-33aefb3acd8b_3,https://techcommunity.microsoft.com/t5/exchange-team-blog/bg-p/Exchange
[Tool],The Reddit sysadmin page provides a regularly updated list of potential issues that may impact patch management in the future.,tool_5f4ba839-7dba-a10b-217f-33aefb3acd8b_4,https://www.reddit.com/r/sysadmin/comments/150j751/microsoft_ticking_timebombs_july_2023_edition/
[Tool],The restrictSigninPattern policy is a tool that can be deployed to control certain behaviors in Microsoft Edge's upcoming features.,tool_5ffd0bb8-fba1-98c6-4897-12e02e73814b_1,https://learn.microsoft.com/en-us/DeployEdge/microsoft-edge-policies#restrictsignintopattern
[Tool],"SyxSense is a patch management tool that has been used for one patch cycle on about 450 Windows servers. It has been generally effective, but there were instances where it incorrectly assessed the need for patches. Patch jobs can generate large amounts of data. However, the overall patching process was faster than with the previous BladeLogic solution.",tool_7cc98afc-607a-06e4-ba2d-d0953e64a956_1,
[Tool],"Action1 is a patch management service used for .Net Patching. It scans endpoints regularly, alerts about necessary updates, and with three clicks, initiates the updates.",tool_5cd95b36-8376-71fa-6674-113798fefa0d_1,
[Tool],The RD Client store app does not have a feature for Remote Desktop. More details can be found in the provided link.,tool_e7e27a4d-6229-d8fb-3954-782d64063cbd_1,https://learn.microsoft.com/en-us/windows-server/remote/remote-desktop-services/clients/remote-desktop-features
[Tool],IT Community lists that were used in the past for IT-related discussions and support. The author is seeking to verify their current existence and obtain updated subscription links if they are still active.,tool_4c02c66b-7509-f297-6b75-9823020aae84_1,
[Tool],"New Windows app for iOS, iPadOS, and web that allows connection to remote Windows PCs from any location.",tool_6fedb819-7814-dfe2-c981-34b4a8252c35_1,https://www.windowscentral.com/software-apps/windows-11/microsoft-unveils-the-windows-app-for-accessing-windows-pcs-in-the-cloud-from-any-device
[Tool],Windows Server 2012 and 2012 R2 ESU program will only include Monthly Rollup packages; Security Only update packages will not be provided.,tool_7239a78f-2739-5645-bb2d-516648de315f_1,https://techcommunity.microsoft.com/t5/windows-server-news-and-best/windows-server-end-of-support-key-dates/ba-p/3074148
[Tool],Dev Home is a new app that may be included in the November updates for Windows 11. It was announced in a previous Build that it would be part of the OS.,tool_c3616e26-f1bb-10ea-24f4-7e7dc03401e3_1,
[Tool],Microsoft-Windows-ActiveDirectory_DomainService is a tool used in the Directory Service event log for auditing changes.,tool_4a5ad0a2-9539-b67f-7a22-7468041dd7e9_1,
[Tool],Action1's real-time up-to-date summary of the latest Patch Tuesday,tool_d4087ac3-2024-690a-bc73-481e8d365faf_1,https://www.action1.com/patch-tuesday-august-2023/?vmp
[Tool],Tenable's report on the vulnerability in Azure Function hosts,tool_d4087ac3-2024-690a-bc73-481e8d365faf_2,Not specified
[Tool],Google's announcement of the Chrome 115 update,tool_d4087ac3-2024-690a-bc73-481e8d365faf_3,Not specified
[Tool],"Mozilla's release of updates for Firefox 116, Firefox ESR 115.1, and Firefox ESR 102.14",tool_d4087ac3-2024-690a-bc73-481e8d365faf_4,Not specified
[Tool],"Automox Worklet is a tool that helps in automating the mitigation process for vulnerabilities. In this case, it checks for the vulnerability, stops the service, disables it from starting, and creates an inbound firewall block rule for TCP port 1801.",tool_4bb929c6-ebdf-3e4f-502e-50abc8dfe799_1,https://www.automox.com/worklets/msmq-rce
[Tool],WuFB via Intune and Update compliance dashboard is recommended for managing patches for Windows Clients OS + drivers and firmware.,tool_f53e5d7b-0ab1-105e-3e03-ead667703fb3_1,
[Tool],Azure Update Management Center is recommended for managing patches for Servers and Linux.,tool_f53e5d7b-0ab1-105e-3e03-ead667703fb3_2,
[Tool],Block all Office applications from creating child processes Attack Surface Reduction Rule,tool_cd25443d-b65b-d24f-5478-1b3d369be6b8_1,Not specified
[Tool],A link to the process of installing updates on management tools machine when there are no Exchange servers running.,tool_815ec15c-fffc-a872-0cd9-15022639061c_1,https://techcommunity.microsoft.com/t5/exchange-team-blog/released-august-2023-exchange-server-security-updates/ba-p/3892811
[Tool],Temporarily removed all download links.,tool_815ec15c-fffc-a872-0cd9-15022639061c_2,https://techcommunity.microsoft.com/t5/exchange-team-blog/released-august-2023-exchange-server-security-updates/ba-p/3892811
[Tool],Registry keys in the latest Windows update can be used to set the limit of the RST_STREAMS per minute.,tool_ad29321a-5c4f-be9d-1ab4-5b52beee6b79_1,https://www.helpnetsecurity.com/2023/10/10/cve-2023-44487-http-2-rapid-reset/
[Tool],"BIOS updates are essential to keep systems up-to-date with the latest security patches. AMD has entered the BIOS update party with the Zenbleed attack, which leaks sensitive data from AMD Zen2 processors. It is recommended to apply any BIOS updates as soon as they become available.",tool_de7b85d8-8013-1c5c-fba5-969befb93c50_1,https://www.bleepingcomputer.com/news/security/zenbleed-attack-leaks-sensitive-data-from-amd-zen2-processors/
[Tool],Powershell tool to identify impacted software due to Dcom hardening.,tool_27839661-679d-70f6-0b24-bcbb8cf8c1a0_1,https://github.com/otoriocyber/DCOM-HardeningTool
[Tool],Microsoft Edge browser is the tool affected and also the tool used for the fix. Users can check the version of their browser to ensure they are using the updated version.,tool_7b899890-2165-097f-a168-a8dcb4833fb5_1,https://www.microsoft.com/en-us/edge
[Tool],June 2023 Exchange Server Security Updates,tool_dccdc0e8-4b7d-6fa1-dd44-33f2b198c91d_1,https://techcommunity.microsoft.com/t5/exchange-team-blog/released-june-2023-exchange-server-security-updates/ba-p/3845326
[Tool],"A link to an article about the 'Big Head' ransomware, which is being spread through fake Windows updates.",tool_1bd73071-d985-aa35-2485-dbe95f1004a0_1,https://thehackernews.com/2023/07/beware-of-big-head-ransomware-spreading.html
[Tool],"Check My Operator (3CX) is a tool that allows users to identify if they were potentially impacted by the supply chain attack against 3CX from March 2023. If the background appears in red, the IP address you are visiting this site from was flagged by security researchers as potentially impacted. This site is a best effort to broadly notify potential impacted parties of this attack by members of the cyber security research community.",tool_cc7de40c-4571-f2f9-7a39-9dd7cdfbad21_1,https://checkmyoperator.com/
[Tool],Registry Editor is a tool used to modify the registry keys. It is used in this context to set the limit of the RST_STREAMS per minute for the HTTP/2 protocol.,tool_005b04b7-c04a-5f1b-6a89-62b3824555ee_1,https://support.microsoft.com/en-us/topic/description-of-the-security-update-for-http-2-protocol-vulnerability-in-windows-server-2022-kb5031364-8e1e3f7b-4c3f-4b0b-8c1d-1b8e5f6e8b1d
[Tool],Proactive Remediation & Configuration Items are tools used to address the security vulnerability CVE-2023-24932.,tool_8c2dc454-350c-a89e-0e51-39117e1a93c4_1,https://garytown.com/kb5025885-dealing-cve-2023-24932-with-proactive-remediation-configuration-items
[Tool],CISA KEV database is a tool that provides information on known exploited vulnerabilities.,tool_51b8ce07-332e-c48a-2c73-3d8a8b833347_1,https://www.cisa.gov/known-exploited-vulnerabilities-catalog
[Tool],"Rapid Security Responses is a new capability by Apple for iOS, iPad, and macOS. It provides faster responses to security vulnerabilities, security improvements, and mitigations.",tool_51b8ce07-332e-c48a-2c73-3d8a8b833347_2,https://support.apple.com/en-us/HT201224
[Tool],"Ivanti's Patch Tuesday efforts provide quick analysis on what has released from Microsoft and other vendors, identify priorities from a risk perspective, and also to give as much of a heads up as possible regarding changes and known issues that may impact your environment as you roll out the updates each month.",tool_51b8ce07-332e-c48a-2c73-3d8a8b833347_3,Not specified
[Tool],"The CVE is rated as Important by Microsoftâ€™s assessment algorithms, but with the confirmed exploits you can ignore that severity rating and respond to the real-world risk indicators.",tool_51b8ce07-332e-c48a-2c73-3d8a8b833347_4,https://msrc.microsoft.com/update-guide/vulnerability/CVE-2023-24932
[Tool],Intune is being used for managing the update ring. The user is seeking a way to expedite the update through this tool.,tool_8b6410f2-1a2b-a160-50a8-5a03f7c270ac_1,https://www.bleepingcomputer.com/news/microsoft/microsoft-july-2023-patch-tuesday-warns-of-6-zero-days-132-flaws/
[Tool],"Windows 365 Boot is a tool that allows users with a PC running Windows 11, version 22H2 to boot directly into their Cloud PC, instead of logging into Windows 11 to access a Windows 365 Cloud PC.",tool_67c2f18b-99e8-8fdb-4897-522b31ec6edd_1,https://aka.ms/W365BootPublicPreview
[Tool],"Organizational messages are a highly effective way to deliver a targeted, branded, and personalized call-to-action to a specific group of employees via native Windows 11 surfaces like the Notification Center, right above the taskbar, and within the Get started app.",tool_67c2f18b-99e8-8fdb-4897-522b31ec6edd_2,https://learn.microsoft.com/mem/intune/remote-actions/organizational-messages-overview
[Tool],Registry keys are used as part of the solution to the vulnerability. A system restart is also required.,tool_a09545d1-c002-3e87-5083-7c0bc268ed8d_1,https://learn.microsoft.com/en-us/security-updates/SecurityAdvisories/2014/2915720
[Tool],A must-have lecture and Edge Collection / Favorites to check for Microsoft Monthly Timebombs.,tool_3fb10414-086d-76ee-1adb-72e48f822bda_1,https://www.reddit.com/r/sysadmin/comments/11i51s0/microsoft_ticking_timebombs_march_2023_edition/
[Tool],"The tool to check the version of the browser is the 'About Microsoft Edge' section, which can be accessed by clicking on the 3 dots (...) on the very right-hand side of the window, then clicking on 'Help and Feedback', and finally on 'About Microsoft Edge'.",tool_8d01ccca-58e9-516c-97b3-61b045bbda76_1,
[Tool],The tool to apply the fix is the Microsoft Edge browser itself. Users can update their browser to the latest version to mitigate this vulnerability.,tool_0c86537f-900e-ff11-ee16-1e618be23c34_1,https://www.microsoft.com/en-us/edge
[Tool],FAQ,tool_5fbf0ace-b3ba-6b24-eea6-f28f5b64451e_1,https://msrc.microsoft.com/update-guide/vulnerability/ADV990001
[Tool],Link to the latest Windows hardening guidance and key dates.,tool_31aea500-1a55-8945-6018-196d055686bf_1,https://techcommunity.microsoft.com/t5/windows-it-pro-blog/latest-windows-hardening-guidance-and-key-dates/ba-p/3807832
[Tool],Action1's Patch Tuesday Digest provides a comprehensive overview of the latest security updates and vulnerabilities. It is a valuable tool for system administrators to stay informed and take necessary actions to secure their systems.,tool_eb897b22-e549-8549-bde1-9414ccc4065c_1,https://www.action1.com/patch-tuesday-may-2023/?vmp
[Tool],"Shavlik, a patching tool that was known to have the ability to automate the process of running scripts post install. The author inquires if Ivanti or other patching tools have similar capabilities.",tool_4380e080-fe62-8b6a-69d7-bba49ab0ee13_1,Not specified
[Tool],"Webinar on the new features in Windows release health information experiences. It will cover how to access information to better manage updates, reduce potential support cases, and improve productivity.",tool_411ea54b-e0b4-94eb-3f4f-98eb4bc53b42_1,https://techcommunity.microsoft.com/t5/windows-it-pro-blog/what-s-new-in-windows-release-information-experiences/ba-p/3363544
[Tool],"A free tool has been released to assist in identifying compromised instances of MOVEit, gaining complete visibility into vulnerable MOVEit installations within the network, and seamlessly removing compromised files while applying necessary patches across affected servers using automated scripts.",tool_0d395fc8-aa0f-4488-00c3-59f1a962b465_1,https://go.action1.com/action1-solution-to-moveit-vulnerability
[Tool],The post on Reddit provides a discussion on the issue and its expected behavior after the updates.,tool_581a9667-9f4a-48c7-a256-7b8672abfb21_1,https://www.reddit.com/r/sysadmin/comments/148geic/patch_tuesday_megathread_20230613/jo0uzz9/
[Tool],Volume Activation Management Tool (VAMT) can be used for central management.,tool_6c2ce963-304a-20b6-11ed-a36483e96602_1,Not specified
[Tool],Hotpatch for Windows Server VMs on Azure with Desktop Experience,tool_b647e7ba-1e2d-8e08-a208-de88b1c553bd_1,https://azure.microsoft.com/en-us/updates/hotpatch-now-available-for-windows-server-vms-on-azure-with-desktop-experience/
[Tool],The tool is a MOVEit Transfer Critical Vulnerability advisory. It provides information about a critical vulnerability in MOVEit Transfer.,tool_23c0b581-4812-d4ff-0565-ffe23b1c07bc_1,https://community.progress.com/s/article/MOVEit-Transfer-Critical-Vulnerability-31May2023
[Tool],"Webinar on the new features in Windows release health information experiences. It will cover how to access information to better manage updates, reduce potential support cases, and improve productivity.",tool_ddea1a68-0f5e-150b-9484-3439d00322bb_1,https://t.co/WEOIw51jwD
