labels,props
[AffectedProduct],"{id: product_49d2e10f-42df-46be-037c-65fe5ef4cb57_1, name: Microsoft Edge, version: 117.0.2045.31}"
[AffectedProduct],"{id: product_dea40d4c-4f38-1b79-8428-24132952d7ac_2, name: Microsoft Teams, version: Not specified}"
[AffectedProduct],"{id: product_49d2e10f-42df-46be-037c-65fe5ef4cb57_3, name: Microsoft Skype, version: 8.105.0.208}"
[AffectedProduct],"{id: product_49d2e10f-42df-46be-037c-65fe5ef4cb57_4, name: WebP Image Extension, version: 1.0.62681.0}"
[AffectedProduct],"{id: product_635e8974-8dfd-497b-f823-b43572715792_2, name: Microsoft Teams, version: Not provided}"
[AffectedProduct],"{id: product_ca7d2239-1194-f1f6-fd31-33839ca71d40_1, name: Windows 11, version: 22H2}"
[AffectedProduct],"{id: product_ca7d2239-1194-f1f6-fd31-33839ca71d40_2, name: Windows 11, version: 21H2}"
[AffectedProduct],"{id: product_ca7d2239-1194-f1f6-fd31-33839ca71d40_3, name: Windows 10, version: 22H2}"
[AffectedProduct],"{id: product_ca7d2239-1194-f1f6-fd31-33839ca71d40_4, name: Windows 10, version: 21H2}"
[AffectedProduct],"{id: product_ca7d2239-1194-f1f6-fd31-33839ca71d40_5, name: Windows 10 Enterprise LTSC 2019, version: N/A}"
[AffectedProduct],"{id: product_d375bfbf-e9cb-754c-900e-2f7aab79bef8_1, name: Azure Stack, version: 10-2023 CU}"
[AffectedProduct],"{id: product_fb149e1a-178a-65c7-f5f8-5ff65cc44e47_1, name: Windows Server, version: 2022}"
[AffectedProduct],"{id: product_27fee58c-8dc5-b697-48f4-1f9ecd9d2b55_1, name: Internet Connection Sharing (ICS), version: Not provided}"
[AffectedProduct],"{id: product_56ea7876-6251-109c-1b98-12ece3b45e11_1, name: Chrome, version: Not specified}"
[AffectedProduct],"{id: product_56ea7876-6251-109c-1b98-12ece3b45e11_2, name: Edge, version: Not specified}"
[AffectedProduct],"{id: product_dad9dd6b-a78f-3a1f-f1a0-71afbd8852e6_1, name: Visual Studio, version: Not provided}"
[AffectedProduct],"{id: product_0e33f5da-16c7-bdb3-8564-670189e36689_1, name: Microsoft Edge (Chromium-based), version: 117.0.2045.47}"
[AffectedProduct],"{id: product_0e33f5da-16c7-bdb3-8564-670189e36689_3, name: Microsoft Skype, version: Not provided}"
[AffectedProduct],"{id: product_d3955f7b-cc16-0d57-b9f2-691326e46363_1, name: Microsoft Edge (Chromium-based), version: Not provided}"
[AffectedProduct],"{id: product_0741056a-23db-ff6d-b270-c322967954f1_1, name: Windows Remote Desktop Gateway, version: Not provided}"
[AffectedProduct],"{id: product_f2c7d35e-b0af-55df-d85c-e99ea831ceea_1, name: Excel 2016, version: 64bit}"
[AffectedProduct],"{id: product_65ecee37-ea07-61fa-5e32-7b84ccb2822a_1, name: Microsoft, version: Not specified}"
[AffectedProduct],"{id: product_65ecee37-ea07-61fa-5e32-7b84ccb2822a_2, name: Google Chrome, version: 117.0.5938.132}"
[AffectedProduct],"{id: product_65ecee37-ea07-61fa-5e32-7b84ccb2822a_3, name: Mozilla Firefox, version: 117.0.1}"
[AffectedProduct],"{id: product_65ecee37-ea07-61fa-5e32-7b84ccb2822a_4, name: Apple, version: Not specified}"
[AffectedProduct],"{id: product_e3b62895-cc79-6508-5369-fa8a6c49cf02_1, name: Windows Server, version: Not specified}"
[AffectedProduct],"{id: product_e3b62895-cc79-6508-5369-fa8a6c49cf02_2, name: Curl, version: Not specified}"
[AffectedProduct],"{id: product_d2444d1b-ec7f-4552-234f-b1243c06a84c_1, name: Windows 11, version: Latest}"
[AffectedProduct],"{id: product_c3386492-fca1-2f06-a6ae-1faef66f85d6_1, name: curl.exe, version: 8.4.0}"
[AffectedProduct],"{id: product_1d705203-4bbb-2afe-7632-0639f28ec949_1, name: Microsoft Dynamics NAV, version: Not provided}"
[AffectedProduct],"{id: product_1d705203-4bbb-2afe-7632-0639f28ec949_2, name: Microsoft Dynamics 365 Business Central (On Premises), version: Not provided}"
[AffectedProduct],"{id: product_d886c058-ffbe-1efe-c8ba-9a2524fa7bb7_1, name: Office, version: 2016}"
[AffectedProduct],"{id: product_d886c058-ffbe-1efe-c8ba-9a2524fa7bb7_2, name: Outlook, version: Unknown}"
[AffectedProduct],"{id: product_bbb7c46a-65d1-3fd8-eac6-0f219a44bfad_1, name: HP Printers, version: Not specified}"
[AffectedProduct],"{id: product_bbb7c46a-65d1-3fd8-eac6-0f219a44bfad_2, name: Xerox Printers, version: Not specified}"
[AffectedProduct],"{id: product_bbb7c46a-65d1-3fd8-eac6-0f219a44bfad_3, name: Barracuda Web Content Filter, version: Not specified}"
[AffectedProduct],"{id: product_bbb7c46a-65d1-3fd8-eac6-0f219a44bfad_4, name: McAfee ePo, version: Not specified}"
[AffectedProduct],"{id: product_d7d3b5a3-37bc-b70f-2f29-9f917bdaa137_1, name: Azure Identity SDK, version: Not provided}"
[AffectedProduct],"{id: product_3d54ab44-ab7e-fd50-117a-65da550077f3_1, name: Microsoft SQL OLE DB, version: Not provided}"
[AffectedProduct],"{id: product_2c315922-e421-231c-469b-4f89ed46aac8_1, name: Microsoft 365 Family, version: 2309 (Build 16287.20080)}"
[AffectedProduct],"{id: product_2c315922-e421-231c-469b-4f89ed46aac8_2, name: Microsoft 365 Apps for enterprise, version: 2309 (Build 16287.20080)}"
[AffectedProduct],"{id: product_2c315922-e421-231c-469b-4f89ed46aac8_3, name: Microsoft 365 Apps for business, version: 2309 (Build 16287.20080)}"
[AffectedProduct],"{id: product_2c315922-e421-231c-469b-4f89ed46aac8_4, name: Subscription versions of the desktop apps for Project and Visio, version: 2309 (Build 16287.20080)}"
[AffectedProduct],"{id: product_68a6e2dd-ab1f-0e49-a7e5-16010f7ecbd4_1, name: NTLM, version: Not specified}"
[AffectedProduct],"{id: product_6dc99f38-4784-1d1f-9907-d331aa620fc7_1, name: Azure Identity SDK, version: Not provided}"
[AffectedProduct],"{id: product_ede057a0-dd10-feb8-c5e1-d391dcea99db_2, name: WSUS, version: Unknown}"
[AffectedProduct],"{id: product_4e25f090-e8b1-ea18-8a63-b0d30ebe8b03_1, name: Server 2016, version: 2016}"
[AffectedProduct],"{id: product_4e25f090-e8b1-ea18-8a63-b0d30ebe8b03_2, name: Server 2019, version: 2019}"
[AffectedProduct],"{id: product_91a76bf6-a55f-8c3d-6de7-1a485faada05_1, name: Microsoft ODBC Driver for SQL Server, version: Not provided}"
[AffectedProduct],"{id: product_c9a2f2ba-d46b-974a-a1ca-6d660968783d_1, name: Windows 10, version: Not specified}"
[AffectedProduct],"{id: product_b1b48686-865d-c7c1-15ac-9db7ed20011c_1, name: Microsoft ODBC Driver for SQL Server, version: Not provided}"
[AffectedProduct],"{id: product_25e05e23-5619-70f4-dd5f-5f2aaca319ec_1, name: HP computers, version: BIOS released before September}"
[AffectedProduct],"{id: product_25e05e23-5619-70f4-dd5f-5f2aaca319ec_2, name: October Cumulative Update (CU), version: Not specified}"
[AffectedProduct],"{id: product_4c96e3f2-7595-42f1-2c41-36f77eb755f6_1, name: Microsoft ODBC Driver for SQL Server, version: Not provided}"
[AffectedProduct],"{id: product_6bec89c1-794c-f064-2062-c20b3bdaa678_1, name: Windows, version: OS Build 22621.2361}"
[AffectedProduct],"{id: product_6bec89c1-794c-f064-2062-c20b3bdaa678_2, name: CoPilot, version: Not specified}"
[AffectedProduct],"{id: product_5c1801d0-ba5e-8288-913d-0fefdee71daf_1, name: Microsoft .NET Framework, version: 3.5}"
[AffectedProduct],"{id: product_5c1801d0-ba5e-8288-913d-0fefdee71daf_2, name: Microsoft .NET Framework, version: 4.8.1}"
[AffectedProduct],"{id: product_5c1801d0-ba5e-8288-913d-0fefdee71daf_3, name: Windows 11 Version 22H2, version: x64-based Systems}"
[AffectedProduct],"{id: product_5c1801d0-ba5e-8288-913d-0fefdee71daf_4, name: Windows 11 Version 22H2, version: ARM64-based Systems}"
[AffectedProduct],"{id: product_2f8d46b8-77e3-945c-61c8-cc7d102223f6_1, name: GLIBC, version: 2.34}"
[AffectedProduct],"{id: product_2f8d46b8-77e3-945c-61c8-cc7d102223f6_2, name: Fedora, version: 37 and 38}"
[AffectedProduct],"{id: product_2f8d46b8-77e3-945c-61c8-cc7d102223f6_3, name: Ubuntu, version: 22.04 and 23.04}"
[AffectedProduct],"{id: product_2f8d46b8-77e3-945c-61c8-cc7d102223f6_4, name: Debian, version: 12 and 13}"
[AffectedProduct],"{id: product_4af4c8b5-de7e-797a-c39f-f1af5737bbc7_1, name: ESXI, version: 8}"
[AffectedProduct],"{id: product_4af4c8b5-de7e-797a-c39f-f1af5737bbc7_2, name: Hyper-V, version: Unknown}"
[AffectedProduct],"{id: product_e145de53-27a3-b0a6-7783-98151cf1588f_1, name: Windows Server, version: 2008 R2}"
[AffectedProduct],"{id: product_e145de53-27a3-b0a6-7783-98151cf1588f_2, name: Windows Server, version: 2012}"
[AffectedProduct],"{id: product_51def843-da77-ca3d-30b3-d3a689c08a01_1, name: Office 365, version: Unknown}"
[AffectedProduct],"{id: product_4477a6eb-c3b0-26d7-c6f6-e918c0cf8782_1, name: Microsoft SQL Server, version: Not provided}"
[AffectedProduct],"{id: product_93f905c3-1aa9-080b-d543-460dcf6b3a99_1, name: Server 22 hyper-v/starwind 2 node cluster, version: Unknown}"
[AffectedProduct],"{id: product_93f905c3-1aa9-080b-d543-460dcf6b3a99_2, name: Replicated CSVs, version: Unknown}"
[AffectedProduct],"{id: product_16f48b64-6419-f7c3-344a-5ad673ea36af_1, name: Layer 2 Tunneling Protocol, version: Not provided}"
[AffectedProduct],"{id: product_8c61aeee-4abd-a5fb-ad50-8ef538f17cb4_1, name: Windows Common Log File System Driver, version: None}"
[AffectedProduct],"{id: product_47aa9758-5535-b1ae-4029-77047f4c6613_1, name: MS System Center, version: None}"
[AffectedProduct],"{id: product_47aa9758-5535-b1ae-4029-77047f4c6613_2, name: 2012R2 server, version: None}"
[AffectedProduct],"{id: product_2785a200-8907-677f-405c-c4d78d7d2ce6_1, name: Windows 10 Home, version: 22H2}"
[AffectedProduct],"{id: product_2785a200-8907-677f-405c-c4d78d7d2ce6_2, name: Windows 11 Home, version: 22H2}"
[AffectedProduct],"{id: product_ee33fea2-9e4c-fad6-c445-5759d8dab206_1, name: Microsoft Visual Studio, version: 2013 Update 5}"
[AffectedProduct],"{id: product_ee33fea2-9e4c-fad6-c445-5759d8dab206_2, name: Microsoft Visual Studio, version: 2015 Update 3}"
[AffectedProduct],"{id: product_ca04f859-f4e9-04f3-c9cf-95924ef68d13_1, name: Server 2016 SSU, version: September 2023}"
[AffectedProduct],"{id: product_ca04f859-f4e9-04f3-c9cf-95924ef68d13_2, name: Server 2019 SSU, version: September 2023}"
[AffectedProduct],"{id: product_41ee66d8-0e64-b3b4-9e70-03b16d877024_1, name: Microsoft Visual Studio 2013 Update 5, version: Update 5}"
[AffectedProduct],"{id: product_41ee66d8-0e64-b3b4-9e70-03b16d877024_2, name: Microsoft Visual Studio 2015, version: Update 3}"
[AffectedProduct],"{id: product_3e51e78e-8185-7ef7-68c4-13609b3c120d_1, name: Microsoft Visual Studio 2013 Update 5, version: Update 5}"
[AffectedProduct],"{id: product_3e51e78e-8185-7ef7-68c4-13609b3c120d_2, name: Microsoft Visual Studio 2015 Update 3, version: Update 3}"
[AffectedProduct],"{id: product_b5565c14-f29d-9afd-42cf-2a1489fc7989_1, name: Hyper-V, version: 2019 and 2022}"
[AffectedProduct],"{id: product_b5565c14-f29d-9afd-42cf-2a1489fc7989_2, name: VMware Windows, version: 2019 and 2022}"
[AffectedProduct],"{id: product_3ceeff60-9b44-69a0-400a-3857893fd233_1, name: Windows Registry, version: None}"
[AffectedProduct],"{id: product_3ceeff60-9b44-69a0-400a-3857893fd233_2, name: Kerberos Protocol, version: None}"
[AffectedProduct],"{id: product_678adb44-cbe2-bb2b-72de-3f224bcfeb93_1, name: Windows Server 2016, version: Server Core installation}"
[AffectedProduct],"{id: product_678adb44-cbe2-bb2b-72de-3f224bcfeb93_2, name: Windows Server 2016, version: None}"
[AffectedProduct],"{id: product_678adb44-cbe2-bb2b-72de-3f224bcfeb93_3, name: Windows 10, version: Version 1607 for x64-based Systems}"
[AffectedProduct],"{id: product_9c0e78a8-2811-f6b4-4e11-7784d9d1c6f5_1, name: Office, version: None}"
[AffectedProduct],"{id: product_cfacf717-4c77-22f5-b659-6e7214a9c289_1, name: WS_FTP Server, version: None}"
[AffectedProduct],"{id: product_d808b32c-1dc9-33bd-4b8c-6d36f40443c3_1, name: Windows backup app, version: KB5029331}"
[AffectedProduct],"{id: product_5f3825fb-b448-5d65-1924-71a029290f81_1, name: Domain Controllers, version: None}"
[AffectedProduct],"{id: product_5f3825fb-b448-5d65-1924-71a029290f81_2, name: Windows XP, version: Legacy}"
[AffectedProduct],"{id: product_c3ca8e34-d77f-5e5f-53c3-a104a6eacea0_1, name: Windows Server 2022, version: 2022}"
[AffectedProduct],"{id: product_c3ca8e34-d77f-5e5f-53c3-a104a6eacea0_2, name: Azure Arc Setup, version: None}"
[AffectedProduct],"{id: product_1873a529-4c3d-5fbb-ba17-94400f6b2411_2, name: Windows Server (Server Core installation), version: 2022}"
[AffectedProduct],"{id: product_fa0506ad-8a96-7181-a4ac-1483e9103208_1, name: Microsoft WordPad, version: None}"
[AffectedProduct],"{id: product_7f58f800-9b60-c769-ffa9-007b7083ca27_1, name: ESXi 6.5, version: 6.5}"
[AffectedProduct],"{id: product_7f58f800-9b60-c769-ffa9-007b7083ca27_2, name: Windows Server 2016, version: 2016}"
[AffectedProduct],"{id: product_7f58f800-9b60-c769-ffa9-007b7083ca27_4, name: Windows Server 2019, version: 2019}"
[AffectedProduct],"{id: product_e1dd6a88-fafa-baf5-c669-ccc42196bdf3_1, name: Microsoft Message Queuing, version: All versions}"
[AffectedProduct],"{id: product_94150d19-76a5-0d0d-98de-fcf356d95e3a_1, name: Microsoft WDAC OLE DB provider for SQL Server, version: None}"
[AffectedProduct],"{id: product_ab86530f-8cea-55ce-bf7f-9f02914aa60f_1, name: SCCM, version: None}"
[AffectedProduct],"{id: product_ab86530f-8cea-55ce-bf7f-9f02914aa60f_2, name: WSUS, version: None}"
[AffectedProduct],"{id: product_c4c40fcf-30f7-150d-7b9a-8db3eb2cd8fa_2, name: Windows Backup, version: 22H2}"
[AffectedProduct],"{id: product_d3551f98-9d2c-c9be-77ad-4aa62508ac8b_1, name: Windows Server, version: 2022, 23H2 Edition}"
[AffectedProduct],"{id: product_a9198d51-6c41-1d7e-c415-bbb561df0c8a_1, name: Microsoft Edge (Chromium-based), version: 118.0.2088.76}"
[AffectedProduct],"{id: product_a9198d51-6c41-1d7e-c415-bbb561df0c8a_2, name: Adobe PDF, version: None}"
[AffectedProduct],"{id: product_997a2599-f326-9b3a-1b43-4552deea3e56_1, name: PowerShell, version: 7.3}"
[AffectedProduct],"{id: product_cf2f5bef-f4ca-e3f3-6546-fdd089f84a81_1, name: Microsoft Outlook, version: None}"
[AffectedProduct],"{id: product_cf2f5bef-f4ca-e3f3-6546-fdd089f84a81_2, name: Microsoft Office, version: None}"
[AffectedProduct],"{id: product_11d4eda2-6b9c-6166-7612-15e6666f2ec2_1, name: Microsoft October Updates, version: None}"
[AffectedProduct],"{id: product_11d4eda2-6b9c-6166-7612-15e6666f2ec2_2, name: Google Chrome, version: None}"
[AffectedProduct],"{id: product_655ec7d1-376a-b414-1d3b-777e95b6777c_1, name: Windows 10, version: AD joined managed}"
[AffectedProduct],"{id: product_655ec7d1-376a-b414-1d3b-777e95b6777c_2, name: Windows 11 Insider Preview, version: Builds}"
[AffectedProduct],"{id: product_655ec7d1-376a-b414-1d3b-777e95b6777c_3, name: Windows 11, version: Stable Builds}"
[AffectedProduct],"{id: product_6a58b7c3-f163-f839-067a-696212cdda83_1, name: Microsoft ODBC Driver for SQL Server, version: None}"
[AffectedProduct],"{id: product_f17ca7a9-991c-9456-a403-dbebd8c5fb47_1, name: .NET Core, version: All versions}"
[AffectedProduct],"{id: product_f17ca7a9-991c-9456-a403-dbebd8c5fb47_2, name: Microsoft Visual Studio, version: All versions}"
[AffectedProduct],"{id: product_98c8efd2-6972-7bcf-172a-0c200d2646f8_1, name: Windows SMB Client, version: None}"
[AffectedProduct],"{id: product_d6762949-ddbb-81e1-7f0f-b626decf99e4_1, name: Windows 11, version: Pre 22H2}"
[AffectedProduct],"{id: product_d6762949-ddbb-81e1-7f0f-b626decf99e4_2, name: Windows 10, version: Pre Win11}"
[AffectedProduct],"{id: product_7ed75b9c-86af-ddec-a94c-20a2c2891928_2, name: MSI BIOS, version: None}"
[AffectedProduct],"{id: product_9faab8d0-c9b4-7f52-57ca-5f7dfb33e17f_1, name: Windows 10, version: None}"
[AffectedProduct],"{id: product_c160528e-e240-ec11-3856-747e725005ee_1, name: Ivanti Security Controls/Shavlik, version: None}"
[AffectedProduct],"{id: product_ab4f035d-3168-b804-c44d-b1215745e18f_1, name: Legacy LAPS, version: None}"
[AffectedProduct],"{id: product_ab4f035d-3168-b804-c44d-b1215745e18f_2, name: Modern Windows LAPS, version: None}"
[AffectedProduct],"{id: product_fe9b9aa7-053f-6f38-4d90-64c457428bd4_1, name: .NET Framework, version: 3.5, 4.6.2}"
[AffectedProduct],"{id: product_fe9b9aa7-053f-6f38-4d90-64c457428bd4_2, name: Windows 10, version: 32-bit, x64-based}"
[AffectedProduct],"{id: product_ef99c162-cb91-72df-99a7-56d34ed52fd0_2, name: .NET Framework, version: 4.6.2}"
[AffectedProduct],"{id: product_ef99c162-cb91-72df-99a7-56d34ed52fd0_3, name: Windows 10, version: 32-bit}"
[AffectedProduct],"{id: product_ef99c162-cb91-72df-99a7-56d34ed52fd0_4, name: Windows 10, version: x64-based}"
[AffectedProduct],"{id: product_797e042f-13ae-12e0-c4d8-b0882b092ec1_1, name: .NET, version: All}"
[AffectedProduct],"{id: product_797e042f-13ae-12e0-c4d8-b0882b092ec1_2, name: Microsoft Visual Studio, version: All}"
[AffectedProduct],"{id: product_013fe0fe-650c-367e-d58d-d8efa4306ed7_3, name: Microsoft Visual Studio, version: 2022 version 17.6}"
[AffectedProduct],"{id: product_013fe0fe-650c-367e-d58d-d8efa4306ed7_4, name: Microsoft Visual Studio, version: 2022 version 17.7}"
[AffectedProduct],"{id: product_beafa6f9-12f9-8b38-78f7-e1a6a4077d72_1, name: .NET Framework, version: 3.5, 4.6.2, 4.7, 4.7.1, 4.7.2}"
[AffectedProduct],"{id: product_ab263dab-548b-63a0-ab4e-de363224028c_1, name: .NET, version: All}"
[AffectedProduct],"{id: product_ab263dab-548b-63a0-ab4e-de363224028c_2, name: Microsoft Visual Studio, version: All}"
[AffectedProduct],"{id: product_0e4b7ec1-c195-671f-a8fa-7165b6284b4d_2, name: .NET Framework, version: 4.6.2}"
[AffectedProduct],"{id: product_0e4b7ec1-c195-671f-a8fa-7165b6284b4d_3, name: Windows 10, version: 32-bit}"
[AffectedProduct],"{id: product_0e4b7ec1-c195-671f-a8fa-7165b6284b4d_4, name: Windows 10, version: x64-based}"
[AffectedProduct],"{id: product_46f5b878-3f42-73c8-0fb6-ebd1a9dc8bc5_2, name: .NET Framework, version: 4.6.2}"
[AffectedProduct],"{id: product_38b0e9cd-0c3a-d4cb-c9e1-7a38bea06994_1, name: .NET, version: All}"
[AffectedProduct],"{id: product_38b0e9cd-0c3a-d4cb-c9e1-7a38bea06994_2, name: Microsoft Visual Studio, version: All}"
[AffectedProduct],"{id: product_38a49140-cb25-ca0b-af96-8a9b8b02ea96_1, name: Windows Media Foundation Core, version: None}"
[AffectedProduct],"{id: product_2e1f433a-1298-434c-0d21-ff6ebae03a63_1, name: libwebp, version: None}"
[AffectedProduct],"{id: product_ee0c530f-fefc-b6cd-3dbc-a5bc8d2d2d3d_1, name: Secure Boot, version: None}"
[AffectedProduct],"{id: product_ee0c530f-fefc-b6cd-3dbc-a5bc8d2d2d3d_2, name: vSphere, version: None}"
[AffectedProduct],"{id: product_f8030b23-8904-d6fd-f93a-f19c85fe948f_1, name: Microsoft Anti-Spam Outbound Policy, version: Default}"
[AffectedProduct],"{id: product_fc6b9de7-c3bf-eb66-d36d-3df9b23bf2bb_1, name: Windows, version: 23H2}"
[AffectedProduct],"{id: product_0b5ee655-92b7-344a-f313-698ea5c8b383_1, name: Lumension, version: None}"
[AffectedProduct],"{id: product_0b5ee655-92b7-344a-f313-698ea5c8b383_3, name: Desktops, version: None}"
[AffectedProduct],"{id: product_0b5ee655-92b7-344a-f313-698ea5c8b383_4, name: Servers, version: None}"
[AffectedProduct],"{id: product_ebacaeb1-b020-0524-f2ca-46a3096649db_1, name: Windows Home, version: 10 22H2}"
[AffectedProduct],"{id: product_ebacaeb1-b020-0524-f2ca-46a3096649db_2, name: Windows Home, version: 11}"
[AffectedProduct],"{id: product_f9ade070-2a80-00e1-a1ea-2dec50d1446a_2, name: KB5002457, version: None}"
[AffectedProduct],"{id: product_3ba40550-192f-3ff3-905c-2146e9319390_1, name: Windows System Toast Backup Reminder, version: None}"
[AffectedProduct],"{id: product_74b68ba3-c06f-0f9c-3e50-befdc2dd1e86_1, name: Windows RCT, version: None}"
[AffectedProduct],"{id: product_b6f80518-60af-1aec-a440-c6cfd1fe22f2_1, name: libwebp, version: CVE-2023-4863}"
[AffectedProduct],"{id: product_d3dabc38-d586-ec65-173c-dea630923db4_1, name: Microsoft Exchange Server, version: None}"
[AffectedProduct],"{id: product_3906d039-bedf-77ed-596d-d071c22ddf38_2, name: Windows 10, version: 32-bit, x64-based, version 1607}"
[AffectedProduct],"{id: product_dca34462-332a-cc73-d09e-26ecca9a1597_1, name: ASP.NET, version: None}"
[AffectedProduct],"{id: product_2383488f-5d18-90f9-223b-a17e97393c4e_1, name: Microsoft Edge (Chromium-based), version: 119.0.2151.72}"
[AffectedProduct],"{id: product_2383488f-5d18-90f9-223b-a17e97393c4e_2, name: Microsoft Edge (Chromium-based) Extended Stable, version: 118.0.2088.109}"
[AffectedProduct],"{id: product_23c192b8-002f-7b9b-4355-719e6a75e82e_1, name: Microsoft Windows Defender, version: None}"
[AffectedProduct],"{id: product_6ddd8e66-5da8-38a8-e1f4-4cbca77a867f_1, name: Azure CLI REST Command, version: None}"
[AffectedProduct],"{id: product_d7be756c-2eac-cf76-42fe-bdff7b22adff_1, name: Open Management Infrastructure, version: None}"
[AffectedProduct],"{id: product_c85c0e3c-cb8f-96a2-6cf3-25216e79dc1b_1, name: ASP.NET Core, version: None}"
[AffectedProduct],"{id: product_47a9f791-053e-b239-1928-8c9efbc35e74_1, name: Microsoft Dynamics 365, version: on-premises}"
[AffectedProduct],"{id: product_f2820d74-8c27-c0dc-3814-a7a6ae1beb5e_1, name: Windows 10 Home, version: None}"
[AffectedProduct],"{id: product_9f259de2-565a-7451-d6af-2f3c4fef3dcf_1, name: Microsoft Host Integration Server, version: 2020}"
[AffectedProduct],"{id: product_f31ca2f7-4767-f4c9-b049-dfb34e4603f4_1, name: Windows Hyper-V, version: None}"
[AffectedProduct],"{id: product_e9944266-2a47-d514-42f5-b32ab850b309_1, name: Microsoft SharePoint Server, version: All versions}"
[AffectedProduct],"{id: product_0252ea1a-540c-bceb-164b-4d4ea2353ef0_1, name: Azure DevOps Server, version: None}"
[AffectedProduct],"{id: product_ff7468da-7211-f79e-77af-2ecd622b9abb_1, name: Microsoft Send Customer Voice survey from Dynamics 365, version: None}"
[AffectedProduct],"{id: product_e9253221-9982-e07c-2246-8e3b7a4a3175_1, name: Windows Authentication, version: None}"
[AffectedProduct],"{id: product_1d2e35b7-54a4-6681-6181-bf0ce4160668_1, name: Windows Hyper-V, version: All versions}"
[AffectedProduct],"{id: product_a44c0815-355f-9320-40cc-c9a0c3768dcb_1, name: Windows, version: OS Build 19045.3516}"
[AffectedProduct],"{id: product_701a4e86-6f16-5101-d57a-b26434b068c2_1, name: Server 2012, version: None}"
[AffectedProduct],"{id: product_9678acc6-e04d-bcc0-b2cf-8a92792a3940_1, name: Google Chrome, version: Latest}"
[AffectedProduct],"{id: product_329b0cc9-6550-f925-60ad-4fb8e4924eec_1, name: Windows Server 2019, version: 2022}"
[AffectedProduct],"{id: product_329b0cc9-6550-f925-60ad-4fb8e4924eec_2, name: Hyper-V, version: 2019}"
[AffectedProduct],"{id: product_57ce5346-8fd2-24e7-0e65-786608d09c8d_1, name: Windows Update, version: None}"
[AffectedProduct],"{id: product_6851c25a-ce78-7f49-c4ee-bd0290d87059_1, name: Windows, version: Preview}"
[AffectedProduct],"{id: product_20a78e4f-76eb-2f6c-b9ce-ccce606562a0_1, name: Microsoft Dynamics 365 Sales, version: None}"
[AffectedProduct],"{id: product_7387c3c6-49cf-9b89-eb90-5696c068ea36_1, name: Microsoft Edge (Chromium-based), version: None}"
[AffectedProduct],"{id: product_0ec16fdf-7814-8c6c-b4e9-18e7a84943a5_1, name: Windows Storage, version: None}"
[AffectedProduct],"{id: product_ef9760a4-a330-b450-d4b2-98a1f23d2be4_1, name: Windows Compressed Folder, version: All versions}"
[AffectedProduct],"{id: product_028cea55-4d6b-060c-348c-c9339670a067_1, name: Microsoft Excel, version: All versions}"
[AffectedProduct],"{id: product_0454f3a2-3091-0fee-8d11-432959e676da_1, name: Visual Studio, version: None}"
[AffectedProduct],"{id: product_be53b11e-3ac4-6bcb-ecd3-ddcbecc4553b_1, name: Teams, version: New}"
[AffectedProduct],"{id: product_a2c2ba61-2198-c686-61ff-f8f397b2df25_1, name: Windows 7, version: 7}"
[AffectedProduct],"{id: product_a2c2ba61-2198-c686-61ff-f8f397b2df25_2, name: Windows 8, version: 8}"
[AffectedProduct],"{id: product_a2c2ba61-2198-c686-61ff-f8f397b2df25_3, name: Windows 10, version: 10}"
[AffectedProduct],"{id: product_22ba5fbe-09c1-e468-1d0d-b157f192a292_1, name: Windows 11, version: None}"
[AffectedProduct],"{id: product_022a987e-f54d-657a-308f-2f512b5cefdf_2, name: Windows 11, version: N/A}"
[AffectedProduct],"{id: product_139df8a9-4477-506f-39f5-103fb6f8b9e9_1, name: Microsoft server operating system version 21H2 for x64-based Systems, version: 2023-10 Cumulative Update}"
[AffectedProduct],"{id: product_139df8a9-4477-506f-39f5-103fb6f8b9e9_2, name: AuthLite, version: 2.4.14}"
[AffectedProduct],"{id: product_9d45f6c6-782e-5ffb-cc14-673d5223e609_1, name: Adobe Bridge, version: APSB23-49}"
[AffectedProduct],"{id: product_9d45f6c6-782e-5ffb-cc14-673d5223e609_2, name: Adobe Commerce, version: APSB23-50}"
[AffectedProduct],"{id: product_9d45f6c6-782e-5ffb-cc14-673d5223e609_3, name: Adobe Photoshop, version: APSB23-51}"
[AffectedProduct],"{id: product_57217e70-b3b3-edd5-46aa-767e25e7b715_2, name: Windows Malicious Software Removal Tool x64, version: v5.118 (KB890830)}"
[AffectedProduct],"{id: product_5a106c58-acd6-0e73-5fc0-5af2aeeb631e_1, name: Microsoft Edge, version: Chromium-based}"
[AffectedProduct],"{id: product_f3eef60f-ea7d-d957-561a-e0ad14732389_1, name: Windows Deployment Services, version: None}"
[AffectedProduct],"{id: product_0e8184b9-2939-c1cc-d03b-f43b7c876429_1, name: DHCP Server Service, version: None}"
[AffectedProduct],"{id: product_ad7117b9-abd9-d733-d611-ff5b1d34eff0_1, name: Microsoft Office Graphics, version: All versions}"
[AffectedProduct],"{id: product_e90e5a31-059a-5473-17ba-d835baf98c1c_1, name: Microsoft Excel, version: None}"
[AffectedProduct],"{id: product_0f3f9c2d-a885-c9b8-f3ca-e00718910ef6_2, name: Microsoft Teams, version: 1.6.00.26474}"
[AffectedProduct],"{id: product_41948ae2-57cf-9b96-0625-c90784b0ff80_3, name: Windows 8.1, version: 8.1}"
[AffectedProduct],"{id: product_121df3d4-e2cb-1dab-b2a9-a843e621b5c7_1, name: McAfee Antivirus, version: None}"
[AffectedProduct],"{id: product_277b7119-f59c-80b2-f36b-3065c783d191_1, name: Microsoft Windows, version: Vista x64}"
[AffectedProduct],"{id: product_277b7119-f59c-80b2-f36b-3065c783d191_2, name: Microsoft Remote Desktop Services, version: None}"
[AffectedProduct],"{id: product_277b7119-f59c-80b2-f36b-3065c783d191_3, name: Driver Management, version: None}"
[AffectedProduct],"{id: product_43cf8985-c351-9e59-fd66-780749538e5e_1, name: Windows 7, version: None}"
[AffectedProduct],"{id: product_e1cca042-9ce7-0ac1-27ba-8720b48b1546_1, name: open-vm-tools, version: None}"
[AffectedProduct],"{id: product_133144a9-0c8f-503a-c4ed-30795bb97a86_2, name: Server 2019, version: None}"
[AffectedProduct],"{id: product_836a7418-0c15-a5cf-ed86-3d1cb4d7f1a6_2, name: Azure Site Recovery, version: None}"
[AffectedProduct],"{id: product_6b3c6f5c-61a5-e51a-409c-c7a6f83abe4a_1, name: Windows Remote Desktop Gateway, version: None}"
[AffectedProduct],"{id: product_df2d3a98-2775-4295-a12b-6c89b238bfc5_1, name: Visual Studio Code Jupyter Extension, version: None}"
[AffectedProduct],"{id: product_65369b53-9b11-853c-ca19-0211b57d6fe5_1, name: Microsoft Edge (Chromium-based), version: Latest}"
[AffectedProduct],"{id: product_b2c5b1ad-b810-465b-722b-0d6bd06f8777_1, name: Windows Kernel, version: None}"
[AffectedProduct],"{id: product_15d58879-73f5-a92f-c5c9-213d7bdc3492_1, name: Microsoft Edge (Chromium-based), version: 119.0.2151.58}"
[AffectedProduct],"{id: product_15d58879-73f5-a92f-c5c9-213d7bdc3492_2, name: Microsoft Edge (Chromium-based) Extended Stable, version: 118.0.2088.102}"
[AffectedProduct],"{id: product_7001567b-77d3-824e-62c4-9c022f0f7278_1, name: Windows, version: All supported versions}"
[AffectedProduct],"{id: product_916c00a4-81be-9818-d318-a4bbd9e508eb_1, name: Microsoft On-Prem Data Gateway, version: None}"
[AffectedProduct],"{id: product_455213ac-918e-ecd8-5e1b-89db3d125bc6_1, name: SCCM, version: 2207}"
[AffectedProduct],"{id: product_455213ac-918e-ecd8-5e1b-89db3d125bc6_2, name: SCCM, version: 2211}"
[AffectedProduct],"{id: product_169f42ef-8ec6-a403-1cba-b2b7fe57ef12_1, name: Windows 11 Business Editions, version: 23H2}"
[AffectedProduct],"{id: product_b1e58fe1-e507-42ad-f638-93d33d738bdf_1, name: Windows 11, version: 23H2}"
[AffectedProduct],"{id: product_2dde10c4-80fc-366a-6cc4-c1801594d17d_1, name: Windows 10, version: October update}"
[AffectedProduct],"{id: product_0f3b45d4-b3a4-0cc0-24bb-1a3332c93c89_2, name: Windows 11, version: 23H2}"
[AffectedProduct],"{id: product_9685af6c-9528-c62e-8bcf-b23c8526e7b0_1, name: Microsoft Teams, version: New}"
[AffectedProduct],"{id: product_6950b207-a419-d88b-a7d4-033c617e38a1_1, name: Windows 10 Pro, version: 22H2}"
[AffectedProduct],"{id: product_9e87a138-20c0-01a9-228d-7f1b08c3b003_1, name: SCCM, version: 2211}"
[AffectedProduct],"{id: product_e7508a95-ae72-5786-5262-7738ac1b6dd8_1, name: Windows Kernel, version: All versions}"
[AffectedProduct],"{id: product_3556893f-7b68-59a5-28df-2d13536809bf_2, name: .NET Framework, version: All versions}"
[AffectedProduct],"{id: product_14917f1d-2047-3310-a46d-194ddbee0053_1, name: Microsoft Speech Application Programming Interface, version: All versions}"
[AffectedProduct],"{id: product_68564ad7-00ce-b10e-6f6c-ff0aa7f0e0eb_1, name: Windows Installer, version: All versions}"
[AffectedProduct],"{id: product_7722618d-a2e9-6bc8-15de-5489dd69fdc4_1, name: Microsoft Local Security Authority Subsystem Service, version: None}"
[AffectedProduct],"{id: product_f64ec20d-6790-fbb9-daee-2097c72cccea_1, name: Server 2012, version: R2}"
[AffectedProduct],"{id: product_349f45b9-962f-e3b7-f9e0-5b18083a24cd_2, name: WSUS, version: 23H2}"
[AffectedProduct],"{id: product_d250a978-356e-0149-ba7e-7e73236b254c_1, name: Microsoft 365 suite, version: None}"
[AffectedProduct],"{id: product_d250a978-356e-0149-ba7e-7e73236b254c_2, name: iOS/iPadOS, version: 17.1.x}"
[AffectedProduct],"{id: product_d250a978-356e-0149-ba7e-7e73236b254c_3, name: macOS, version: 14.1.x}"
[AffectedProduct],"{id: product_6ff2cc72-f237-f9fe-587e-8203a308d30a_1, name: Windows Update and Bits services, version: None}"
[AffectedProduct],"{id: product_76fcd96d-3e81-34e0-5ae6-15c963320e68_1, name: OWA, version: None}"
[AffectedProduct],"{id: product_c60fe673-ac9e-68fc-5101-72bafc59b1e0_1, name: Windows LAPS, version: On-premises}"
[AffectedProduct],"{id: product_31320d43-ccb5-98bf-3a20-27808fdc3d12_1, name: Windows 11, version: 2023}"
[AffectedProduct],"{id: product_c629b845-62e3-6454-cee5-38ac81f56832_1, name: Windows Scripting Engine, version: All versions}"
[AffectedProduct],"{id: product_9be7a8d3-46cf-5f0c-d2fc-12f608138616_1, name: Windows NTFS, version: None}"
[AffectedProduct],"{id: product_6bdbd676-2976-72cc-950c-7450f796b1e2_1, name: Windows User Interface Application Core, version: All versions}"
[AffectedProduct],"{id: product_5ad75fa2-375a-2da2-c6c9-2b4b05bce045_1, name: Microsoft Remote Registry Service, version: None}"
[AffectedProduct],"{id: product_47601a3d-ee2a-5ef7-e092-0d9348efb4de_2, name: .NET Framework, version: All}"
[AffectedProduct],"{id: product_47601a3d-ee2a-5ef7-e092-0d9348efb4de_4, name: PowerShell, version: 7.2, 7.3, 7.4}"
[AffectedProduct],"{id: product_0083b939-fbb6-616d-8500-b5b87d417266_1, name: Windows Search Service, version: All versions}"
[AffectedProduct],"{id: product_a29aa418-3011-9f8d-9690-63683d0eca4b_1, name: Microsoft-Windows-TS-OptionalComponents-Package, version: None}"
[AffectedProduct],"{id: product_4cae9c19-c06d-fc36-6ad8-830696c17354_1, name: Remote Desktop App, version: None}"
[AffectedProduct],"{id: product_4cae9c19-c06d-fc36-6ad8-830696c17354_2, name: mstsc.exe, version: None}"
[AffectedProduct],"{id: product_d191e3f6-4d6d-e3d3-5337-1d2fd947be28_1, name: Office 2016, version: 2016}"
[AffectedProduct],"{id: product_bfd4e49f-622c-b123-350d-14a8365c6331_1, name: Acrobat, version: None}"
[AffectedProduct],"{id: product_bfd4e49f-622c-b123-350d-14a8365c6331_2, name: Reader, version: None}"
[AffectedProduct],"{id: product_8f31f1e6-761d-268c-467f-25a14f3a603b_1, name: Acrobat, version: None}"
[AffectedProduct],"{id: product_8f31f1e6-761d-268c-467f-25a14f3a603b_2, name: Acrobat Reader, version: None}"
[AffectedProduct],"{id: product_d51b3480-8c48-d660-d1f5-449af2cc320b_1, name: Windows 11, version: KB5032190}"
[AffectedProduct],"{id: product_cdb88a68-d0b9-9236-344f-2b750cfc3bad_1, name: Office 2016, version: 2016}"
[AffectedProduct],"{id: product_08e11356-4cf0-b487-2d88-be69035f315a_1, name: Windows SmartScreen, version: None}"
[AffectedProduct],"{id: product_75d9d62e-0f89-3444-ac4b-ad20a5be5a98_1, name: Microsoft Identity Linux Broker, version: None}"
[AffectedProduct],"{id: product_63c12a02-91ae-1d3e-1eb0-5e7e1719e8d0_1, name: Autodesk® FBX® SDK, version: 2020 or prior}"
[AffectedProduct],"{id: product_63c12a02-91ae-1d3e-1eb0-5e7e1719e8d0_2, name: 3D Viewer, version: All supported versions}"
[AffectedProduct],"{id: product_63c12a02-91ae-1d3e-1eb0-5e7e1719e8d0_3, name: Microsoft Office 2019, version: All supported versions}"
[AffectedProduct],"{id: product_63c12a02-91ae-1d3e-1eb0-5e7e1719e8d0_4, name: Microsoft Office LTSC 2021, version: All supported versions}"
[AffectedProduct],"{id: product_53f08751-c2e4-b1da-f28e-8327f3ff4e4e_1, name: Microsoft Azure Kubernetes Service, version: None}"
[AffectedProduct],"{id: product_2a89d8fa-4a75-639c-0ef-b17c30d775ff_1, name: Microsoft Edge (Chromium-based), version: 116.0.1938.69}"
[AffectedProduct],"{id: product_ca472269-83ca-8d14-b051-e07d45576f82_1, name: Microsoft Edge (Chromium-based), version: 116.0.1938.54}"
[AffectedProduct],"{id: product_8b121710-2f7a-0447-87cb-c4ec928bf73b_1, name: Microsoft Edge (Chromium-based), version: 116.0.1938.54}"
[AffectedProduct],"{id: product_14bdec9a-b9f6-8f6b-5362-510bae7f1f9e_1, name: Microsoft Edge (Chromium-based), version: 116.0.1938.54}"
[AffectedProduct],"{id: product_4e10d00f-a710-4d01-8549-a15ebfb6a9ea_1, name: Microsoft Edge (Chromium-based), version: 116.0.1938.54}"
[AffectedProduct],"{id: product_409a9b1b-b889-f890-3a9c-e996ca6d6a54_1, name: Microsoft Edge (Chromium-based), version: 116.0.1938.54}"
[AffectedProduct],"{id: product_6fa7c65e-cd8a-17c8-7b1d-9edf30c0685f_1, name: Microsoft Signing Key, version: None}"
[AffectedProduct],"{id: product_6fa7c65e-cd8a-17c8-7b1d-9edf30c0685f_2, name: Microsoft Consumer and Enterprise Applications, version: None}"
[AffectedProduct],"{id: product_4cd5e813-1a70-52e3-194e-8828540ca32f_1, name: Microsoft Patch, version: None}"
[AffectedProduct],"{id: product_ed9a4738-5301-5ca1-e089-012bd60d7b07_1, name: Bitlocker, version: None}"
[AffectedProduct],"{id: product_56c075c9-3286-b537-8e83-c90d16ec2de3_1, name: Edge for Business, version: None}"
[AffectedProduct],"{id: product_56c075c9-3286-b537-8e83-c90d16ec2de3_2, name: MicrosoftEdge, version: None}"
[AffectedProduct],"{id: product_56c075c9-3286-b537-8e83-c90d16ec2de3_3, name: GPO, version: None}"
[AffectedProduct],"{id: product_56c075c9-3286-b537-8e83-c90d16ec2de3_4, name: Intune, version: None}"
[AffectedProduct],"{id: product_fd77d8a7-7df4-cd83-e759-6458213a382c_2, name: Microsoft Edge for Business, version: Latest}"
[AffectedProduct],"{id: product_9884c2c6-b274-a0b2-ef6a-d477dbf7eb2c_1, name: Exchange Server, version: 2023}"
[AffectedProduct],"{id: product_64c9fc72-72df-6c9a-84da-098b418eafa8_1, name: Microsoft Security Advisory 226937, version: None}"
[AffectedProduct],"{id: product_64c9fc72-72df-6c9a-84da-098b418eafa8_2, name: SyxSense, version: None}"
[AffectedProduct],"{id: product_def26922-deb4-fd85-5ba6-132089b9921f_1, name: Azure HDInsight Apache Ambari, version: None}"
[AffectedProduct],"{id: product_124b7452-3a26-52e5-32ea-b210b95cee86_1, name: Azure Machine Learning Compute Instance, version: None}"
[AffectedProduct],"{id: product_76b4ed90-0cb3-2c89-cc27-814009a0f15b_2, name: Android, version: None}"
[AffectedProduct],"{id: product_0b0b7200-537c-d873-d1ef-fdbad1194328_1, name: open-vm-tools, version: All versions}"
[AffectedProduct],"{id: product_0b0b7200-537c-d873-d1ef-fdbad1194328_2, name: VMware tools, version: All versions}"
[AffectedProduct],"{id: product_b1d490e3-2c75-1004-f627-d957d9648ae7_1, name: Dynamics Finance and Operations, version: None}"
[AffectedProduct],"{id: product_49c02ad7-b01a-f8ad-615b-ca5024e024c4_1, name: Windows Geolocation Service, version: None}"
[AffectedProduct],"{id: product_5d845249-b36d-2b5d-2cbf-44208c17f4cc_1, name: Onedrive, version: Sync client}"
[AffectedProduct],"{id: product_5d845249-b36d-2b5d-2cbf-44208c17f4cc_2, name: Explorer, version: None}"
[AffectedProduct],"{id: product_4c3f49b1-627d-dea8-f395-a4140ecf9e4d_1, name: Windows Security Platform, version: None}"
[AffectedProduct],"{id: product_139353a0-0475-498d-e8a0-50b7c357dea8_1, name: Microsoft Edge for Business, version: None}"
[AffectedProduct],"{id: product_f857f6e9-013f-f1d9-8aab-70655bf943e8_1, name: Onedrive, version: None}"
[AffectedProduct],"{id: product_bd4e27fb-dc52-aec3-a78f-29e96ddaadc6_1, name: Make, version: None}"
[AffectedProduct],"{id: product_e211f004-ebbb-872b-c3c9-9074c77cc467_1, name: Microsoft Edge (Chromium-based), version: 116.0.1938.81}"
[AffectedProduct],"{id: product_e211f004-ebbb-872b-c3c9-9074c77cc467_2, name: Microsoft Teams for Desktop, version: 1.6.00.26474}"
[AffectedProduct],"{id: product_e211f004-ebbb-872b-c3c9-9074c77cc467_3, name: Microsoft Teams for Mac, version: 1.6.00.26463}"
[AffectedProduct],"{id: product_d3260f77-9c16-6145-830c-0bffdae04413_1, name: Microsoft Account, version: None}"
[AffectedProduct],"{id: product_d3260f77-9c16-6145-830c-0bffdae04413_2, name: AAD account, version: None}"
[AffectedProduct],"{id: product_83d41a2c-170f-e3a3-5f74-80b91581619f_2, name: Windows 21H2, version: None}"
[AffectedProduct],"{id: product_e4c5c7e0-d3d0-ac02-df42-b390d62fec75_2, name: Python, version: None}"
[AffectedProduct],"{id: product_c9724e4d-ebb2-c168-0da3-60195eff8654_2, name: SharePoint, version: None}"
[AffectedProduct],"{id: product_6145bbe7-9e1c-56c3-03f9-a84ebd3aa2a9_2, name: Group Policy Objects (GPO), version: None}"
[AffectedProduct],"{id: product_2f7ecef7-558d-8728-7cb9-7e55a8f8562c_2, name: Active Directory, version: None}"
[AffectedProduct],"{id: product_9db4c9f2-96f6-6d27-d026-626674e32c91_1, name: Microsoft PostScript and PCL6 Class Printer Driver, version: None}"
[AffectedProduct],"{id: product_5320d4b6-a5c8-2e33-7ffd-d2849e0e834c_1, name: Windows 10 Version 22H2, version: 32-bit Systems}"
[AffectedProduct],"{id: product_5320d4b6-a5c8-2e33-7ffd-d2849e0e834c_2, name: Windows 10 Version 22H2, version: ARM64-based Systems}"
[AffectedProduct],"{id: product_5320d4b6-a5c8-2e33-7ffd-d2849e0e834c_3, name: Windows 10 Version 22H2, version: x64-based Systems}"
[AffectedProduct],"{id: product_5320d4b6-a5c8-2e33-7ffd-d2849e0e834c_4, name: Windows Server 2012 R2, version: Server Core installation}"
[AffectedProduct],"{id: product_9ba8b119-68f6-5d81-074a-8d05748af00e_2, name: .NET Framework, version: None}"
[AffectedProduct],"{id: product_ce501f88-ad37-dd18-99c4-1c8451e4e4e8_1, name: Group Policy Service, version: September preview}"
[AffectedProduct],"{id: product_feaf96d4-1cbd-b9f1-b1b0-f489aaaf2e66_1, name: Roaming Profiles, version: None}"
[AffectedProduct],"{id: product_4fc908b7-74cd-02f4-7afd-b5c749e7d352_2, name: TPM, version: None}"
[AffectedProduct],"{id: product_ebc41000-a754-3e4a-6279-9f020f8275eb_1, name: Standard hardware configuration, version: None}"
[AffectedProduct],"{id: product_ebc41000-a754-3e4a-6279-9f020f8275eb_3, name: Workstations, version: None}"
[AffectedProduct],"{id: product_cc1029dd-409a-5c48-ffd7-2c45cdd8f8f1_1, name: Microsoft Support Article KB5029778, version: None}"
[AffectedProduct],"{id: product_5ffd0bb8-fba1-98c6-4897-12e02e73814b_1, name: Microsoft Edge, version: Upcoming Features}"
[AffectedProduct],"{id: product_7cc98afc-607a-06e4-ba2d-d0953e64a956_2, name: BladeLogic, version: None}"
[AffectedProduct],"{id: product_c04f462a-f22b-345f-0469-7990a3ba8be2_1, name: Central Policy Store, version: None}"
[AffectedProduct],"{id: product_feab99b7-f815-c954-be7a-3b13a796ee2c_1, name: Microsoft Virtual Hard Disk, version: None}"
[AffectedProduct],"{id: product_6912b9ad-256e-6b30-c066-f31da7a0d5ef_1, name: Microsoft.Data.SqlClient, version: None}"
[AffectedProduct],"{id: product_6912b9ad-256e-6b30-c066-f31da7a0d5ef_2, name: System.Data.SqlClient, version: None}"
[AffectedProduct],"{id: product_31583638-c0ff-f44f-ff88-b8f622e2416a_1, name: NET, .NET Framework, Visual Studio, PowerShell 7.2, PowerShell 7.3, PowerShell 7.4, version: All versions}"
[AffectedProduct],"{id: product_ac453bab-523e-20b3-1c71-b5b30c875735_1, name: Microsoft Edge (Chromium-based), version: 120.0.2336.0}"
[AffectedProduct],"{id: product_807aaa34-5f4f-2d57-0049-0e872fd11869_1, name: Windows, version: Nearby Sharing}"
[AffectedProduct],"{id: product_4104d98b-9ec9-b6c1-4183-bcb117e972bf_1, name: Windows 10, version: Version 22H2 for 32-bit Systems, Version 22H2 for ARM64-based Systems, Version 22H2 for x64-based Systems, Version 21H2 for x64-based Systems, Version 21H2 for ARM64-based Systems, Version 21H2 for 32-bit Systems, Version 1809 for ARM64-based Systems, Version 1809 for x64-based Systems, Version 1809 for 32-bit Systems}"
[AffectedProduct],"{id: product_4104d98b-9ec9-b6c1-4183-bcb117e972bf_2, name: Windows Server, version: 2022 (Server Core installation), 2022, 2019 (Server Core installation), 2019}"
[AffectedProduct],"{id: product_4104d98b-9ec9-b6c1-4183-bcb117e972bf_3, name: CBL Mariner, version: 2.0 x64, 2.0 ARM, 1.0 x64, 1.0 ARM}"
[AffectedProduct],"{id: product_f9ec90d7-11e6-da7b-9148-38469b8e1e6e_1, name: Windows Libarchive, version: All versions}"
[AffectedProduct],"{id: product_b76fcd2f-ff3f-3569-9500-143d2c31bda8_1, name: Microsoft Printer Metadata Troubleshooter Tool, version: None}"
[AffectedProduct],"{id: product_1dd9723b-a8ec-0a69-bd7a-a51c5900aa65_1, name: Microsoft Online Certificate Status Protocol, version: None}"
[AffectedProduct],"{id: product_048fe680-3211-d8fb-e1a1-392f5f1fbe3f_1, name: Windows Online Certificate Status Protocol, version: None}"
[AffectedProduct],"{id: product_498d3299-e4c5-1a1c-03f8-0f31ccdf32af_1, name: Microsoft Edge (Chromium-based), version: 120.0.2336.0}"
[AffectedProduct],"{id: product_498d3299-e4c5-1a1c-03f8-0f31ccdf32af_2, name: Adobe Software, version: None}"
[AffectedProduct],"{id: product_c627f48e-fef4-a9c3-b870-cad121ec622f_1, name: Windows Subsystem for Linux, version: None}"
[AffectedProduct],"{id: product_25c9fa0f-7f13-a83f-109d-2cbbfabc03fc_1, name: Win32k, version: None}"
[AffectedProduct],"{id: product_a8bd4c96-9476-efbf-0295-e50261e32a92_1, name: Microsoft Bluetooth Driver, version: None}"
[AffectedProduct],"{id: product_8003d226-d151-0fb4-a6dd-b44c5ed3ee09_1, name: Windows Kernel-Mode Driver, version: None}"
[AffectedProduct],"{id: product_993e5a15-1cad-8fce-f83f-dc15830e643f_2, name: Microsoft Visual Studio, version: 2019 version 16.11}"
[AffectedProduct],"{id: product_993e5a15-1cad-8fce-f83f-dc15830e643f_3, name: Microsoft Visual Studio, version: 2022 version 17.2}"
[AffectedProduct],"{id: product_993e5a15-1cad-8fce-f83f-dc15830e643f_4, name: Microsoft Visual Studio, version: 2022 version 17.4}"
[AffectedProduct],"{id: product_979eed91-442f-3aa6-b178-3ad33dbf2acd_2, name: Microsoft Visual Studio, version: 2019 version 16.11}"
[AffectedProduct],"{id: product_979eed91-442f-3aa6-b178-3ad33dbf2acd_3, name: Microsoft Visual Studio, version: 2022 version 17.2}"
[AffectedProduct],"{id: product_979eed91-442f-3aa6-b178-3ad33dbf2acd_4, name: Microsoft Visual Studio, version: 2022 version 17.4}"
[AffectedProduct],"{id: product_9c4c1365-da26-d610-b497-3387453380de_2, name: Microsoft Visual Studio, version: 2019 version 16.11}"
[AffectedProduct],"{id: product_9c4c1365-da26-d610-b497-3387453380de_3, name: Microsoft Visual Studio, version: 2022 version 17.2}"
[AffectedProduct],"{id: product_9c4c1365-da26-d610-b497-3387453380de_4, name: Microsoft Visual Studio, version: 2022 version 17.4}"
[AffectedProduct],"{id: product_db75460b-3655-717e-6b67-63400a65ca72_2, name: Microsoft Visual Studio, version: 2019 version 16.11}"
[AffectedProduct],"{id: product_db75460b-3655-717e-6b67-63400a65ca72_3, name: Microsoft Visual Studio, version: 2022 version 17.2}"
[AffectedProduct],"{id: product_db75460b-3655-717e-6b67-63400a65ca72_4, name: Microsoft Visual Studio, version: 2022 version 17.4}"
[AffectedProduct],"{id: product_0c17402e-9f8d-299f-3155-e8ad51a70924_1, name: Windows Bluetooth Driver, version: None}"
[AffectedProduct],"{id: product_8ba55460-565c-adaa-b225-003e3d7e9e83_1, name: Microsoft Outlook for Mac, version: None}"
[AffectedProduct],"{id: product_f0c5cbeb-7c61-0e0c-c126-f292ef1bda9e_1, name: Microsoft Dynamics 365 Finance and Operations, version: None}"
[AffectedProduct],"{id: product_a7134b27-e82f-c39e-6764-57d8f6fa6913_1, name: Windows DNS, version: None}"
[AffectedProduct],"{id: product_887a74fc-cb00-bab6-263c-1a3389078b5e_1, name: Azure Connected Machine Agent, version: None}"
[AffectedProduct],"{id: product_7cd0c11e-222f-8016-a4bd-2c40255d95ba_1, name: Microsoft Edge (Chromium-based), version: 120.0.2210.61}"
[AffectedProduct],"{id: product_0639d08b-472a-7ede-5698-3f465fb83e08_1, name: Microsoft Edge (Chromium-based), version: 120.0.2210.61}"
[AffectedProduct],"{id: product_02caff78-b20d-2d73-5e29-1fdf09f462d0_1, name: Windows 10 22H2 Enterprise, version: 22H2}"
[AffectedProduct],"{id: product_a8092315-bda5-265b-b7d3-95ac7c878753_2, name: Server 2012 R2, version: R2}"
[AffectedProduct],"{id: product_7239a78f-2739-5645-bb2d-516648de315f_1, name: Windows Server 2012, version: 2012}"
[AffectedProduct],"{id: product_7239a78f-2739-5645-bb2d-516648de315f_2, name: Windows Server 2012 R2, version: 2012 R2}"
[AffectedProduct],"{id: product_b04d240e-d0c0-2d2d-2101-b8f69759ef0d_1, name: Microsoft Edge (Chromium-based), version: 120.0.2210.121}"
[AffectedProduct],"{id: product_3cc20140-cd19-5089-5ba7-dfa30504a18a_1, name: Microsoft Edge (Chromium-based), version: 120.0.2210.121}"
[AffectedProduct],"{id: product_bb0123e0-7b91-92b6-87ee-c2252c0218d2_1, name: Microsoft QUIC, version: None}"
[AffectedProduct],"{id: product_73e7b474-6431-30ca-b6fd-11959aca73f1_1, name: Microsoft Visual Studio, version: 2022}"
[AffectedProduct],"{id: product_73e7b474-6431-30ca-b6fd-11959aca73f1_3, name: Microsoft .NET Framework, version: 4.6.2}"
[AffectedProduct],"{id: product_73e7b474-6431-30ca-b6fd-11959aca73f1_4, name: Microsoft .NET Framework, version: 4.7}"
[AffectedProduct],"{id: product_3c8130f9-018c-56d2-b5f2-10104a1930c9_1, name: Microsoft SQL ODBC Driver, version: None}"
[AffectedProduct],"{id: product_d4087ac3-2024-690a-bc73-481e8d365faf_4, name: Firefox, version: None}"
[AffectedProduct],"{id: product_11090fbc-019c-9d4c-3bbe-42fcabbed4ff_1, name: Skype for Business, version: All versions}"
[AffectedProduct],"{id: product_0d45997f-76fe-8727-8fb7-7f64a1228aa2_1, name: Microsoft ODBC Driver for SQL Server, version: All versions}"
[AffectedProduct],"{id: product_4bb929c6-ebdf-3e4f-502e-50abc8dfe799_1, name: Microsoft Message Queuing, version: None}"
[AffectedProduct],"{id: product_b2cced8b-a442-f72a-6699-1ba6b97b015b_1, name: Azure Identity SDK, version: None}"
[AffectedProduct],"{id: product_7e5c8bc4-8060-7808-c6f8-b0e2d3e83514_1, name: Microsoft Edge (Chromium-based), version: 118.0.2088.46}"
[AffectedProduct],"{id: product_7291d842-9d2d-571b-6af9-97f9b8966dcb_1, name: Microsoft Edge (Chromium-based), version: 118.0.2088.46}"
[AffectedProduct],"{id: product_f161954c-4360-d96d-0d43-8209878cd557_1, name: Microsoft Edge (Chromium-based), version: 117.0.2045.31}"
[AffectedProduct],"{id: product_622c203c-47ff-806c-4313-c54b09ac2ff8_1, name: Windows Server 2019 Standard, version: 1809}"
[AffectedProduct],"{id: product_622c203c-47ff-806c-4313-c54b09ac2ff8_2, name: Hyper-V, version: Gen2}"
[AffectedProduct],"{id: product_622c203c-47ff-806c-4313-c54b09ac2ff8_3, name: Windows Update, version: 10.0.17763.3532}"
[AffectedProduct],"{id: product_f53e5d7b-0ab1-105e-3e03-ead667703fb3_1, name: Windows Clients OS + drivers and firmware, version: None}"
[AffectedProduct],"{id: product_f53e5d7b-0ab1-105e-3e03-ead667703fb3_2, name: Servers and Linux, version: None}"
[AffectedProduct],"{id: product_d471463f-3241-240d-c5d2-52f24273e519_1, name: Aspera Faspex, version: None}"
[AffectedProduct],"{id: product_ad29321a-5c4f-be9d-1ab4-5b52beee6b79_1, name: Windows, version: OS Build 22621.2428}"
[AffectedProduct],"{id: product_eea81abb-dd4a-ef1d-84c0-9eb61226762d_2, name: Visual FoxPro app, version: None}"
[AffectedProduct],"{id: product_12fe4f8f-8eb9-91da-d33b-0e65d7164f59_1, name: Autodesk Inventor 2022, version: 2022}"
[AffectedProduct],{id: product_1807c56f-e664-950d-5d17-ca9ba4bb2a15_1}
[AffectedProduct],{id: product_c4126e1c-25d6-a4cf-5660-6231be3afafa_1}
[AffectedProduct],{id: product_49d2e10f-42df-46be-037c-65fe5ef4cb57_2}
[AffectedProduct],{id: product_a47a6877-6a19-a7b9-f510-ce635cddd6cc_1}
[AffectedProduct],{id: product_f7027487-10c9-f048-7526-37c41a3a470e_1}
[AffectedProduct],{id: product_5a3b3255-3123-3ec9-8ab0-55414f9e410b_1}
[AffectedProduct],"{id: product_2b19cb4a-0c24-4afb-cae5-e5a5faabf46c_1, name: 2012 Server R2, version: R2}"
[AffectedProduct],{id: product_0efa8bac-be8e-684c-838d-a5b1b313f223_1}
[AffectedProduct],{id: product_a3d6cb0b-6bce-3c3a-9fb8-d44239c1e687_1}
[AffectedProduct],"{id: product_fd92dfea-bcfc-4ba4-6f26-0e48af4b6a25_1, name: Skype for Business, version: None}"
[AffectedProduct],"{id: product_27839661-679d-70f6-0b24-bcbb8cf8c1a0_1, name: Dcom, version: None}"
[AffectedProduct],"{id: product_75df5ab0-449b-cc01-e3d2-da2545871655_1, name: Azure RTOS GUIX Studio, version: None}"
[AffectedProduct],"{id: product_ff2e6da9-f9a3-a170-bd1d-4e4495fe8b08_2, name: Microsoft Teams, version: None}"
[AffectedProduct],"{id: product_ff2e6da9-f9a3-a170-bd1d-4e4495fe8b08_3, name: Microsoft Skype, version: None}"
[AffectedProduct],"{id: product_7b899890-2165-097f-a168-a8dcb4833fb5_1, name: Microsoft Edge (Chromium-based), version: 114.0.1823.67}"
[AffectedProduct],"{id: product_cc710710-27c9-0a2e-7375-0b87d3e57440_1, name: Windows 10, version: Latest}"
[AffectedProduct],"{id: product_99dd6439-d005-70a9-3541-ce64ca941507_1, name: Google Chrome, version: 112.0.5615.50}"
[AffectedProduct],"{id: product_dccdc0e8-4b7d-6fa1-dd44-33f2b198c91d_1, name: Exchange Server, version: June 2023 Security Updates}"
[AffectedProduct],"{id: product_cc7de40c-4571-f2f9-7a39-9dd7cdfbad21_1, name: 3CX, version: March 2023}"
[AffectedProduct],"{id: product_005b04b7-c04a-5f1b-6a89-62b3824555ee_1, name: Windows Server 2022, version: OS Build 20348.2031}"
[AffectedProduct],"{id: product_005b04b7-c04a-5f1b-6a89-62b3824555ee_2, name: Windows Server 2019, version: OS Build 17763.4974}"
[AffectedProduct],"{id: product_fa21d213-7e90-1bf3-2b5a-c06f04f18bf3_1, name: Windows Server 2016, version: 1.383.1311}"
[AffectedProduct],"{id: product_fa21d213-7e90-1bf3-2b5a-c06f04f18bf3_2, name: Windows Server 2019, version: 1.383.1321}"
[AffectedProduct],"{id: product_fa21d213-7e90-1bf3-2b5a-c06f04f18bf3_3, name: Windows Server 2022, version: 1.383.1335}"
[AffectedProduct],"{id: product_fa21d213-7e90-1bf3-2b5a-c06f04f18bf3_4, name: Windows Defender, version: 1.383.1379}"
[AffectedProduct],"{id: product_370fb70a-bc59-933c-ba97-31260fd29a9a_1, name: Microsoft Office Click-To-Run, version: None}"
[AffectedProduct],"{id: product_a9e4ac8e-89b2-1881-80ea-fa7209437fc9_1, name: Azure HDInsight Apache Oozie Workflow Scheduler, version: None}"
[AffectedProduct],"{id: product_7f0d5a05-1535-cdc0-16c4-485d5c2da713_1, name: Microsoft Common Data Model SDK, version: None}"
[AffectedProduct],"{id: product_80d3bcbd-c435-ff8c-aa41-cd9ce97c1ce3_1, name: Windows Server 2019 Standard, version: 2019}"
[AffectedProduct],"{id: product_80d3bcbd-c435-ff8c-aa41-cd9ce97c1ce3_2, name: Windows Server 2022 Standard, version: 2022}"
[AffectedProduct],"{id: product_23208f64-89eb-a235-9b01-9cb36b7af57e_1, name: Windows Mail app, version: None}"
[AffectedProduct],"{id: product_23208f64-89eb-a235-9b01-9cb36b7af57e_2, name: Outlook 365, version: None}"
[AffectedProduct],"{id: product_011a92a2-8b3d-f0dc-eaa9-f9c03fc8b49f_1, name: Microsoft Edge, version: 114.0.1823.55}"
[AffectedProduct],"{id: product_8c2dc454-350c-a89e-0e51-39117e1a93c4_1, name: Proactive Remediation & Configuration Items, version: None}"
[AffectedProduct],"{id: product_51b8ce07-332e-c48a-2c73-3d8a8b833347_2, name: Apple, version: None}"
[AffectedProduct],"{id: product_51b8ce07-332e-c48a-2c73-3d8a8b833347_3, name: iOS, iPad, and macOS, version: None}"
[AffectedProduct],"{id: product_1b51a45d-4ac6-1f75-fe16-0eeab036ad05_1, name: Hyper-V, version: 2012-R2}"
[AffectedProduct],"{id: product_8b6410f2-1a2b-a160-50a8-5a03f7c270ac_1, name: Microsoft, version: July 2023 Patch Tuesday}"
[AffectedProduct],"{id: product_67c2f18b-99e8-8fdb-4897-522b31ec6edd_1, name: Windows 11 Enterprise, version: 22H2}"
[AffectedProduct],"{id: product_a09545d1-c002-3e87-5083-7c0bc268ed8d_1, name: 3CX, version: None}"
[AffectedProduct],"{id: product_29b7225e-c95f-63c8-e552-6666e3b7c3f4_1, name: IE 11, version: 2012 R2 Server}"
[AffectedProduct],"{id: product_2f226fb0-52e8-a8ac-cd8e-0020167706b4_1, name: WSUS, version: Server 2022}"
[AffectedProduct],"{id: product_a49f787e-c4af-0ae4-c0be-2e8660aeb3d8_1, name: Windows 11, version: 11}"
[AffectedProduct],"{id: product_a49f787e-c4af-0ae4-c0be-2e8660aeb3d8_2, name: Microsoft Apps, version: None}"
[AffectedProduct],"{id: product_da9409e4-e403-26a4-0f5c-79bfaa1ad87b_1, name: Windows RDP Encoder Mirror Driver, version: None}"
[AffectedProduct],"{id: product_5af5247a-1086-8b85-b458-2742b74da9ba_1, name: Microsoft Office Graphics, version: None}"
[AffectedProduct],"{id: product_0c86537f-900e-ff11-ee16-1e618be23c34_1, name: Microsoft Edge (Chromium-based), version: 117.0.2045.55}"
[AffectedProduct],"{id: product_f5213a3f-a022-3362-d2ac-3903dbe38f99_2, name: Microsoft Edge (Chromium-based), version: 116.0.1938.98}"
[AffectedProduct],"{id: product_5fbf0ace-b3ba-6b24-eea6-f28f5b64451e_1, name: Servicing Stack Updates, version: Latest}"
[AffectedProduct],"{id: product_b0d98ebf-9479-e3b3-d335-86dfb761cf50_1, name: Microsoft Word, version: All versions}"
[AffectedProduct],"{id: product_d1f50d59-3b9b-33ed-ca6e-f11c074d8f9f_1, name: 3D Viewer, version: None}"
[AffectedProduct],"{id: product_3ac15afc-16ce-6ac1-7d47-15e9ade82e89_1, name: 3D Viewer, version: All versions}"
[AffectedProduct],"{id: product_b2a6ebd7-7232-1203-9e47-755ee0dae482_1, name: Microsoft Edge (Chromium-based), version: 116.0.1938.xxx}"
[AffectedProduct],"{id: product_12c60f8b-4361-65be-1c54-fb7cd925503c_1, name: Microsoft Dynamics 365 On-Premises, version: 9.1}"
[AffectedProduct],"{id: product_c36f63dc-088e-e30a-3b44-5e86de91376f_1, name: Windows 2012 R2 Server, version: IE 11}"
[AffectedProduct],"{id: product_c36f63dc-088e-e30a-3b44-5e86de91376f_2, name: KB5022835, version: IE 11 Update}"
[AffectedProduct],"{id: product_5c0046b7-636b-faac-18f2-e3c9ddeaa7a0_1, name: Microsoft Teams, version: Latest}"
[AffectedProduct],"{id: product_2bb6fb2e-3e76-af93-8e4d-17e9288fcf41_1, name: Defender ATP, version: None}"
[AffectedProduct],"{id: product_2bb6fb2e-3e76-af93-8e4d-17e9288fcf41_2, name: HTTP/s Requests, version: None}"
[AffectedProduct],"{id: product_eb897b22-e549-8549-bde1-9414ccc4065c_1, name: Microsoft, version: May 2023 Patch Tuesday}"
[AffectedProduct],"{id: product_eb897b22-e549-8549-bde1-9414ccc4065c_2, name: Google Chrome, version: Chrome 113}"
[AffectedProduct],"{id: product_eb897b22-e549-8549-bde1-9414ccc4065c_3, name: Apache Superset, version: 2.1}"
[AffectedProduct],"{id: product_285569da-fed2-a191-d271-0236eb0a6f47_1, name: Windows 10, version: v21H2}"
[AffectedProduct],"{id: product_fb97b2f2-4779-9c95-e54a-c28070cfff89_2, name: Windows 10/8/7, version: KB2915720}"
[AffectedProduct],"{id: product_2bc63b4c-74ec-7462-50e4-2a6d766ca7de_1, name: KB5025885, version: None}"
[AffectedProduct],"{id: product_4380e080-fe62-8b6a-69d7-bba49ab0ee13_1, name: Microsoft Patching Tool, version: None}"
[AffectedProduct],"{id: product_b6aac06b-ef6b-a854-c9bb-8f5deb68fcd3_1, name: Microsoft .NET Core, version: 6.0.8}"
[AffectedProduct],"{id: product_b6aac06b-ef6b-a854-c9bb-8f5deb68fcd3_2, name: Microsoft ASP.NET Core, version: 6.0.8}"
[AffectedProduct],"{id: product_0d395fc8-aa0f-4488-00c3-59f1a962b465_2, name: MOVEit, version: None}"
[AffectedProduct],"{id: product_581a9667-9f4a-48c7-a256-7b8672abfb21_1, name: Windows Hello, version: None}"
[AffectedProduct],"{id: product_6c2ce963-304a-20b6-11ed-a36483e96602_1, name: KMS Server, version: None}"
[AffectedProduct],"{id: product_6c2ce963-304a-20b6-11ed-a36483e96602_2, name: ADBA, version: None}"
[AffectedProduct],"{id: product_6c2ce963-304a-20b6-11ed-a36483e96602_3, name: Office, version: 2013}"
[AffectedProduct],"{id: product_997d74f3-74bf-dec6-90fd-07874d8fcdee_1, name: Per-User Based Applications, version: None}"
[AffectedProduct],"{id: product_997d74f3-74bf-dec6-90fd-07874d8fcdee_2, name: Zoom, version: None}"
[AffectedProduct],"{id: product_568cf4f7-e720-8596-e63d-43933f6651d0_1, name: Microsoft June Cumulative Update, version: None}"
[AffectedProduct],"{id: product_b647e7ba-1e2d-8e08-a208-de88b1c553bd_1, name: Windows Server, version: Virtual Machines on Azure with Desktop Experience}"
[AffectedProduct],"{id: product_ec7b8d5b-41ad-e9e1-6d5e-39539f5f7f26_2, name: MS Office, version: None}"
[AffectedProduct],"{id: product_ec7b8d5b-41ad-e9e1-6d5e-39539f5f7f26_3, name: Intel processors, version: None}"
[AffectedProduct],"{id: product_d247f9c5-636d-e4a6-b46e-5e4562067c8d_1, name: Windows, version: Managed Clients}"
[AffectedProduct],"{id: product_d247f9c5-636d-e4a6-b46e-5e4562067c8d_2, name: KB5025221, version: None}"
[AffectedProduct],"{id: product_7dcf039f-14dc-dae9-824a-fd22732222df_3, name: Azure Active Directory, version: None}"
[AffectedProduct],"{id: product_9dec6aab-a727-1528-a7c7-74a9d0b7a6fc_1, name: CISA Email Alerts and Vulnerability Summaries, version: None}"